competent_seed_n,depth,difficulty_regime,final_test_accuracy_ci95_high,final_test_accuracy_ci95_low,final_test_accuracy_mean,final_test_loss_ci95_high,final_test_loss_ci95_low,final_test_loss_mean,final_val_accuracy_ci95_high,final_val_accuracy_ci95_low,final_val_accuracy_mean,final_val_loss_ci95_high,final_val_loss_ci95_low,final_val_loss_mean,learning_curve_auc_ci95_high,learning_curve_auc_ci95_low,learning_curve_auc_mean,reliably_competent,seed_n,sweep,training_seconds_ci95_high,training_seconds_ci95_low,training_seconds_mean,variant
1,4,mixed,0.8680000305175781,0.5920000076293945,0.7279999852180481,1.721120834350586,0.5540889501571655,1.0911599397659302,0.8833333253860474,0.6033333539962769,0.7419999837875366,1.5480352640151978,0.37809035181999207,0.9606336355209351,0.6229284405708313,0.4556190073490143,0.5335090160369873,False,5,depth,26.9632568359375,25.6859130859375,26.33526611328125,baseline
1,4,mixed,0.8640000224113464,0.5819999575614929,0.7360000014305115,1.6421844959259033,0.5405639410018921,1.0913742780685425,0.8939999341964722,0.6219999194145203,0.7680000066757202,1.4986000061035156,0.3286953866481781,0.8777393102645874,0.6255475282669067,0.4602716565132141,0.5388550758361816,False,5,depth,28.947412490844727,27.50705909729004,28.17476463317871,gated
1,4,mixed,0.8460000157356262,0.5920000076293945,0.718666672706604,1.619781255722046,0.5923869013786316,1.106666088104248,0.9021835923194885,0.6139999628067017,0.7559999823570251,1.4526454210281372,0.3937589228153229,0.9232021570205688,0.6284360885620117,0.4605630040168762,0.5404833555221558,False,5,depth,30.885223388671875,30.17136573791504,30.487457275390625,sa_ff_gated
1,4,mixed,0.8606666326522827,0.59333336353302,0.7253333330154419,1.7516196966171265,0.5202663540840149,1.1123548746109009,0.8980000615119934,0.6193333864212036,0.7586666941642761,1.5115635395050049,0.36314624547958374,0.9373549222946167,0.6268143057823181,0.4532981812953949,0.539176344871521,False,5,depth,28.592998504638672,26.894817352294922,27.594425201416016,static_scale
2,8,mixed,0.891333281993866,0.7886666655540466,0.8479999303817749,0.8772639036178589,0.382183700799942,0.5944579839706421,0.934666633605957,0.8193332552909851,0.8840000033378601,0.6918269395828247,0.21057525277137756,0.4110267758369446,0.629688560962677,0.5735989809036255,0.6065104603767395,False,5,depth,46.56616973876953,45.207176208496094,45.88667297363281,baseline
3,8,mixed,0.874666690826416,0.7433333396911621,0.8153332471847534,0.9873725771903992,0.42491063475608826,0.6964101791381836,0.9399999380111694,0.8280000686645508,0.8926666378974915,0.6919832229614258,0.23219487071037292,0.41935548186302185,0.6301651000976562,0.5762424468994141,0.607646644115448,False,5,depth,48.87641906738281,47.39685821533203,48.02183532714844,gated
3,8,mixed,0.8726666569709778,0.7760000228881836,0.8300000429153442,0.8908056020736694,0.40831565856933594,0.622138500213623,0.9306666254997253,0.8426666259765625,0.890666663646698,0.5515797734260559,0.24169912934303284,0.3781524896621704,0.6346334218978882,0.5824977159500122,0.6117017269134521,False,5,depth,52.68272018432617,52.20124053955078,52.40790939331055,sa_ff_gated
4,8,mixed,0.8979999423027039,0.7600000500679016,0.840666651725769,0.8835671544075012,0.4045882225036621,0.6044409871101379,0.9447000622749329,0.8531166315078735,0.9006667137145996,0.5665969252586365,0.17714905738830566,0.34559527039527893,0.6350901126861572,0.5792632102966309,0.609300434589386,True,5,depth,49.10747528076172,46.54341506958008,47.8758659362793,static_scale
2,12,mixed,0.9120000004768372,0.7440000176429749,0.8279999494552612,1.0926369428634644,0.3071204721927643,0.6998787522315979,0.9494001269340515,0.7953333258628845,0.8726666569709778,0.8398922681808472,0.19840729236602783,0.5053062438964844,0.6668546795845032,0.5684038996696472,0.6160220503807068,False,5,depth,70.49192810058594,68.62199401855469,69.53075408935547,baseline
2,12,mixed,0.9253333806991577,0.7713333368301392,0.846666693687439,0.9452158212661743,0.29513925313949585,0.6204758882522583,0.9559999704360962,0.8026666641235352,0.8793333172798157,0.7065467238426208,0.1666141152381897,0.43620333075523376,0.6659702658653259,0.5728238821029663,0.6190427541732788,False,5,depth,68.86576843261719,68.69924926757812,68.78329467773438,gated
2,12,mixed,0.9233332872390747,0.7619999647140503,0.8399999737739563,1.04073166847229,0.2882477641105652,0.6871095895767212,0.9420000314712524,0.781999945640564,0.8619999885559082,0.8102391362190247,0.20018239319324493,0.5157273411750793,0.6684623956680298,0.578851044178009,0.6236567497253418,False,5,depth,72.68401336669922,72.2823257446289,72.45880126953125,sa_ff_gated
2,12,mixed,0.9193333387374878,0.7580000162124634,0.8373333215713501,1.0028672218322754,0.31700044870376587,0.6599338054656982,0.949999988079071,0.8286666870117188,0.8893333673477173,0.7010798454284668,0.20224495232105255,0.458495557308197,0.6656936407089233,0.5724908113479614,0.6183910965919495,False,5,depth,70.37043762207031,67.1695785522461,68.92549896240234,static_scale
1,16,mixed,0.8726666569709778,0.7886666059494019,0.8286666870117188,0.8646865487098694,0.4873027801513672,0.6855052709579468,0.8986666798591614,0.8173333406448364,0.8579999804496765,0.6727522015571594,0.3611606955528259,0.5174638032913208,0.6208200454711914,0.5672620534896851,0.5940818786621094,False,5,depth,168.33908081054688,94.87492370605469,131.60699462890625,baseline
2,16,mixed,0.8579999804496765,0.7406666874885559,0.7986667156219482,1.0255141258239746,0.5584325194358826,0.7932788133621216,0.9113333821296692,0.8180000185966492,0.8646666407585144,0.7242273092269897,0.3394782543182373,0.5335239171981812,0.6213594079017639,0.5639580488204956,0.5919780135154724,False,5,depth,175.46298217773438,133.94943237304688,152.66183471679688,gated
1,16,mixed,0.8546665906906128,0.75,0.8006666302680969,1.043604850769043,0.5981987714767456,0.8209018707275391,0.9053333401679993,0.8032667636871338,0.8493334054946899,0.7962936758995056,0.3465106785297394,0.5821579694747925,0.6236125230789185,0.5656352639198303,0.5943365693092346,False,5,depth,114.32784271240234,93.70771789550781,104.01778411865234,sa_ff_gated
2,16,mixed,0.8853333592414856,0.7866666316986084,0.8360000848770142,0.8866022825241089,0.41643524169921875,0.6581417918205261,0.9146833419799805,0.8212499618530273,0.8686666488647461,0.6663721203804016,0.3107377886772156,0.4891873896121979,0.6212299466133118,0.5668884515762329,0.59405916929245,False,5,depth,112.43289184570312,93.66230010986328,101.2586898803711,static_scale
5,16,high,0.9946666955947876,0.9899999499320984,0.9919999837875366,0.03224460035562515,0.02416539192199707,0.02820499613881111,0.999333381652832,0.9953333139419556,0.9973333477973938,0.017440173774957657,0.008232169784605503,0.012777249328792095,0.7935195565223694,0.767203688621521,0.7814196348190308,True,5,difficulty,98.95716857910156,92.32234954833984,95.13945007324219,baseline
5,16,high,0.9933333396911621,0.9866666793823242,0.9906666874885559,0.06110535189509392,0.027449145913124084,0.03974338620901108,0.9979999661445618,0.9853333234786987,0.9926666021347046,0.034582071006298065,0.00985041819512844,0.020574083551764488,0.7934627532958984,0.7609227299690247,0.7776881456375122,True,5,difficulty,102.49345397949219,97.34117126464844,99.66783142089844,gated
5,16,high,0.9946666955947876,0.9906666874885559,0.9926666021347046,0.04399757832288742,0.023106105625629425,0.03355184197425842,0.9986666440963745,0.9919999837875366,0.9953333139419556,0.03251081705093384,0.009884467348456383,0.020937878638505936,0.7975605726242065,0.7727564573287964,0.7847002148628235,True,5,difficulty,115.96202087402344,107.83760070800781,112.6069564819336,sa_ff_gated
5,16,high,0.9926666021347046,0.9886667132377625,0.9906666874885559,0.035036489367485046,0.028102120384573936,0.031146889552474022,0.999333381652832,0.9926666021347046,0.9959999918937683,0.023650621995329857,0.008251478895545006,0.015182608738541603,0.7947065234184265,0.7696608304977417,0.7817844152450562,True,5,difficulty,97.40959167480469,91.63494873046875,94.77095031738281,static_scale
5,16,low,0.9806667566299438,0.9406499862670898,0.9640000462532043,0.2242344617843628,0.0689685121178627,0.13436070084571838,0.999333381652832,0.9486666917800903,0.9800000190734863,0.15308770537376404,0.012458193115890026,0.06720173358917236,0.7731321454048157,0.7241360545158386,0.7511261701583862,True,5,difficulty,397.2508544921875,258.511474609375,327.88116455078125,baseline
5,16,low,0.9886667132377625,0.9459999799728394,0.9713333249092102,0.1934005618095398,0.04151628538966179,0.11436133086681366,0.9946666955947876,0.9399999380111694,0.972000002861023,0.1790347397327423,0.016097886487841606,0.08473289012908936,0.777053952217102,0.7207489013671875,0.7529895901679993,True,5,difficulty,229.27676391601562,110.65660095214844,154.7865447998047,gated
5,16,low,0.9893333315849304,0.9213333129882812,0.9626666903495789,0.2713088393211365,0.04473076015710831,0.13620582222938538,0.9979999661445618,0.9366666674613953,0.9726666212081909,0.18380238115787506,0.011240901425480843,0.08082547783851624,0.7803948521614075,0.7216693162918091,0.7550279498100281,True,5,difficulty,345.71893310546875,172.3177032470703,251.49362182617188,sa_ff_gated
5,16,low,0.9780000448226929,0.9493333697319031,0.9646666646003723,0.19117282330989838,0.06742674857378006,0.1265001893043518,0.9940000772476196,0.965999960899353,0.9800000190734863,0.12211551517248154,0.022688597440719604,0.07240206003189087,0.7709594964981079,0.7318834662437439,0.7518835067749023,True,5,difficulty,174.92178344726562,106.09852600097656,130.94540405273438,static_scale
5,16,medium,0.9873332977294922,0.9679999351501465,0.9793332815170288,0.0931357741355896,0.048572275787591934,0.06685972958803177,0.9946666955947876,0.9873332977294922,0.9906666874885559,0.03660597279667854,0.0180328618735075,0.027319416403770447,0.8128601312637329,0.7655478715896606,0.7951366901397705,True,5,difficulty,221.2899627685547,141.7135772705078,194.37692260742188,baseline
5,16,medium,0.9899999499320984,0.9706667065620422,0.9819999933242798,0.08778998255729675,0.036698512732982635,0.05678243562579155,0.9946666955947876,0.9866666793823242,0.9906666874885559,0.04785782843828201,0.021274400874972343,0.034086860716342926,0.818043053150177,0.7665859460830688,0.7987537384033203,True,5,difficulty,248.5255584716797,231.5333251953125,240.02517700195312,gated
5,16,medium,0.9899999499320984,0.972000002861023,0.9826666712760925,0.08151210099458694,0.03233351558446884,0.05618809536099434,0.9953333139419556,0.9913333654403687,0.9933333396911621,0.0364232212305069,0.013443052768707275,0.02389603480696678,0.8225948214530945,0.7772656679153442,0.8050481677055359,True,5,difficulty,296.9888610839844,253.9385986328125,277.2386169433594,sa_ff_gated
5,16,medium,0.9880000352859497,0.9726666212081909,0.9819999933242798,0.10386545956134796,0.047238048166036606,0.06953401863574982,0.9959999918937683,0.9873332977294922,0.9913333654403687,0.044821977615356445,0.014833921566605568,0.029827948659658432,0.8125799298286438,0.7665151357650757,0.7954393625259399,True,5,difficulty,259.7235107421875,229.4448699951172,244.58181762695312,static_scale
1,16,mixed,0.8773333430290222,0.7873333096504211,0.8286666870117188,0.8645231127738953,0.4873027801513672,0.6855052709579468,0.8986666798591614,0.8199999928474426,0.8579999804496765,0.6667410135269165,0.36215004324913025,0.5174638032913208,0.6209016442298889,0.5672621130943298,0.5940818786621094,False,5,difficulty,164.838134765625,94.9388656616211,131.60699462890625,baseline
2,16,mixed,0.859333336353302,0.7393333315849304,0.7986667156219482,1.0255141258239746,0.5610435605049133,0.7932788133621216,0.9114001393318176,0.8180000185966492,0.8646666407585144,0.7217028141021729,0.3394782245159149,0.5335239171981812,0.6213594675064087,0.5625966787338257,0.5919780135154724,False,5,difficulty,175.79916381835938,133.94943237304688,152.66183471679688,gated
1,16,mixed,0.8633333444595337,0.75,0.8006666302680969,1.043604850769043,0.5981987714767456,0.8209018707275391,0.9079999923706055,0.8006666898727417,0.8493334054946899,0.7962936758995056,0.35849669575691223,0.5821579694747925,0.6264234781265259,0.5656208395957947,0.5943365693092346,False,5,difficulty,114.32784271240234,93.70771789550781,104.01778411865234,sa_ff_gated
2,16,mixed,0.8853333592414856,0.7866666316986084,0.8360000848770142,0.899848461151123,0.40588539838790894,0.6581417918205261,0.9173333048820496,0.8212499618530273,0.8686666488647461,0.6663721203804016,0.2990541160106659,0.4891873896121979,0.6212299466133118,0.5668884515762329,0.59405916929245,False,5,difficulty,112.20541381835938,93.36894226074219,101.2586898803711,static_scale
