depth,difficulty_regime,final_test_accuracy,final_test_loss,final_val_accuracy,final_val_loss,learning_curve_auc,seed,sweep,tokens_seen,training_seconds,training_steps,variant
4,mixed,0.8066666666666666,0.7482732518513997,0.8633333333333333,0.4395473353068034,0.5563890974207446,11,depth,999048,25.050875700078905,456,baseline
4,mixed,0.6233333333333333,1.614408276875814,0.6033333333333334,1.5012120056152343,0.49229138306334297,22,depth,999048,26.126462900079787,456,baseline
4,mixed,0.5,2.080974248250325,0.5166666666666667,1.9331389617919923,0.3957476267406571,33,depth,999048,27.22204239992425,456,baseline
4,mixed,0.96,0.1517291275660197,0.9633333333333334,0.08208701531092326,0.688653865146286,44,depth,999048,27.02369309985079,456,baseline
4,mixed,0.75,0.8604149500528971,0.7633333333333333,0.847183100382487,0.5344628569731718,55,depth,999048,26.25325409998186,456,baseline
4,mixed,0.81,0.7786728541056315,0.89,0.3953048006693522,0.552023311192255,11,depth,999048,28.49453889997676,456,gated
4,mixed,0.64,1.588188730875651,0.64,1.383008041381836,0.4988300612182798,22,depth,999048,29.693188600009307,456,gated
4,mixed,0.4866666666666667,2.127936147054037,0.5266666666666666,1.9048956044514973,0.4024707021084071,33,depth,999048,27.83689639996737,456,gated
4,mixed,0.9566666666666668,0.1961063496271769,0.98,0.0651172387599945,0.6939782105898148,44,depth,999048,27.686246099881828,456,gated
4,mixed,0.7866666666666666,0.7659671401977539,0.8033333333333333,0.6403706487019857,0.546972979943573,55,depth,999048,27.1629521001596,456,gated
4,mixed,0.76,0.913104248046875,0.86,0.5650026957194011,0.55468014049375,11,depth,999048,30.12030449998565,456,sa_ff_gated
4,mixed,0.62,1.5418195088704427,0.6533333333333333,1.3998138936360678,0.5014347775749181,22,depth,999048,30.64546740008518,456,sa_ff_gated
4,mixed,0.48,2.05108154296875,0.5033333333333333,1.8662892659505208,0.4002680752075976,33,depth,999048,30.286575200036168,456,sa_ff_gated
4,mixed,0.95,0.1963950030008951,0.9833333333333333,0.05388439218203227,0.6950283169577437,44,depth,999048,30.16482560010627,456,sa_ff_gated
4,mixed,0.7833333333333333,0.8309301058451335,0.78,0.7310204696655274,0.5510054121523692,55,depth,999048,31.220115600153804,456,sa_ff_gated
4,mixed,0.7866666666666666,0.7928243001302083,0.8666666666666667,0.4952003669738769,0.5648872393184979,11,depth,999048,26.72277440014296,456,static_scale
4,mixed,0.5966666666666667,1.738208999633789,0.6166666666666667,1.5631307729085286,0.49725086949442526,22,depth,999048,26.818255100166425,456,static_scale
4,mixed,0.5033333333333333,2.0756886291503904,0.5333333333333333,1.8591832733154297,0.3922116738468354,33,depth,999048,29.58490449981764,456,static_scale
4,mixed,0.9733333333333334,0.1314107346534729,0.98,0.05607057770093282,0.6976443123853908,44,depth,999048,27.39203349989839,456,static_scale
4,mixed,0.7666666666666667,0.8236415990193685,0.7966666666666666,0.7131892522176106,0.5438879746852335,55,depth,999048,27.4541582998354,456,static_scale
8,mixed,0.9133333333333332,0.2765767574310303,0.9566666666666667,0.12649155219395955,0.6389428719474273,11,depth,999048,45.85523759992793,456,baseline
8,mixed,0.8633333333333333,0.5829795900980631,0.92,0.31376593589782714,0.6130384342560784,22,depth,999048,46.7289992000442,456,baseline
8,mixed,0.8466666666666667,0.5405941645304362,0.8966666666666666,0.3266631317138672,0.617991557963181,33,depth,999048,46.75880010006949,456,baseline
8,mixed,0.74,1.1156003824869791,0.76,0.928577667872111,0.5440039651081163,44,depth,999048,44.99960280000232,456,baseline
8,mixed,0.8766666666666667,0.4565388488769531,0.8866666666666667,0.35963566780090334,0.6185754504955384,55,depth,999048,45.090714999940246,456,baseline
8,mixed,0.9133333333333332,0.2847246487935384,0.9633333333333334,0.16338705142339072,0.6372107446288867,11,depth,999048,49.6317785999272,456,gated
8,mixed,0.8266666666666667,0.7175654856363932,0.92,0.3354066340128581,0.6054607402914242,22,depth,999048,48.15554960002192,456,gated
8,mixed,0.84,0.5528136126200358,0.9233333333333333,0.255604616800944,0.6260723341954874,33,depth,999048,47.33122050017119,456,gated
8,mixed,0.69,1.2285507456461588,0.7666666666666667,0.9309662373860678,0.5498929998024786,44,depth,999048,47.39199999999255,456,gated
8,mixed,0.8066666666666666,0.6983965301513672,0.89,0.4114129892985026,0.6195966126419018,55,depth,999048,47.59862259984948,456,gated
8,mixed,0.8966666666666666,0.3078930377960205,0.9533333333333334,0.1839064900080363,0.6347237853770122,11,depth,999048,52.46352029987611,456,sa_ff_gated
8,mixed,0.8333333333333334,0.6157600911458333,0.88,0.3980195172627767,0.60361829294822,22,depth,999048,52.87622190010734,456,sa_ff_gated
8,mixed,0.8666666666666667,0.5021391105651856,0.9233333333333333,0.2587566375732422,0.6398825031429922,33,depth,999048,52.39246770017781,456,sa_ff_gated
8,mixed,0.7166666666666667,1.1120430501302083,0.7966666666666666,0.7003742663065592,0.5563292371003862,44,depth,999048,52.15319330012426,456,sa_ff_gated
8,mixed,0.8366666666666667,0.5728571001688639,0.9,0.3497055164972941,0.6239547816187677,55,depth,999048,52.15415359986946,456,sa_ff_gated
8,mixed,0.9233333333333332,0.3112812900543213,0.97,0.10596487323443095,0.6502310416182873,11,depth,999048,45.36343349982053,456,static_scale
8,mixed,0.88,0.5122468694051107,0.9066666666666666,0.30010484377543134,0.6108226381515203,22,depth,999048,47.06632290012203,456,static_scale
8,mixed,0.85,0.5353067906697592,0.9133333333333333,0.29911603927612307,0.6152840404064669,33,depth,999048,49.293887299951166,456,static_scale
8,mixed,0.69,1.1095793914794922,0.7966666666666666,0.7550447845458984,0.5451798545548696,44,depth,999048,48.316218100022525,456,static_scale
8,mixed,0.86,0.5537903467814128,0.9166666666666666,0.26774578730265297,0.624984602007778,55,depth,999048,49.339480799855664,456,static_scale
12,mixed,0.93,0.2340969244639078,0.9666666666666667,0.1498436462879181,0.650820160793075,11,depth,999048,68.30045199999586,456,baseline
12,mixed,0.69,1.380899887084961,0.7233333333333334,1.1461818567911783,0.5319493624597283,22,depth,999048,68.60896719992161,456,baseline
12,mixed,0.78,0.961905008951823,0.8533333333333334,0.611072031656901,0.5953514095418839,33,depth,999048,69.29112630011514,456,baseline
12,mixed,0.96,0.1449167569478353,0.98,0.07291539510091145,0.6909065313511795,44,depth,999048,70.16077729989775,456,baseline
12,mixed,0.78,0.7775750223795573,0.84,0.5465184338887532,0.611082884239129,55,depth,999048,71.2924556999933,456,baseline
12,mixed,0.9366666666666666,0.202511297861735,0.98,0.09640506823857625,0.6550782611713016,11,depth,999048,68.92495679995045,456,gated
12,mixed,0.75,1.0520311737060546,0.75,0.8573078854878744,0.5311842540765476,22,depth,999048,68.71940109995194,456,gated
12,mixed,0.78,0.8989309120178223,0.8533333333333334,0.5395481999715169,0.6028075194251593,33,depth,999048,68.79646510002203,456,gated
12,mixed,0.97,0.124751337369283,0.9833333333333333,0.04847064048051834,0.6906552337825611,44,depth,999048,68.84120639995672,456,gated
12,mixed,0.7966666666666666,0.8241549936930338,0.83,0.6392848714192708,0.6154884833695011,55,depth,999048,68.63443910004571,456,gated
12,mixed,0.9233333333333332,0.2531127134958903,0.9666666666666667,0.11801560878753663,0.6659937510510004,11,depth,999048,72.24868960003369,456,sa_ff_gated
12,mixed,0.7066666666666667,1.2488118489583333,0.73,0.9832950846354167,0.5409221278657281,22,depth,999048,72.26127889985219,456,sa_ff_gated
12,mixed,0.7933333333333333,1.057949104309082,0.8166666666666667,0.7921890258789063,0.5964865051529056,33,depth,999048,72.3916763998568,456,sa_ff_gated
12,mixed,0.9666666666666668,0.0958224701881408,0.98,0.07974387874205907,0.6954431919187066,44,depth,999048,72.88320769998245,456,sa_ff_gated
12,mixed,0.81,0.7798518625895182,0.8166666666666667,0.6053930219014486,0.6194380249997997,55,depth,999048,72.50915249995887,456,sa_ff_gated
12,mixed,0.92,0.2729573535919189,0.9666666666666667,0.15396738052368164,0.6579432453028616,11,depth,999048,71.47486110008322,456,static_scale
12,mixed,0.7266666666666667,1.065939343770345,0.8,0.7853920046488444,0.5369041477486566,22,depth,999048,69.53718129987828,456,static_scale
12,mixed,0.7666666666666667,1.0437816111246745,0.8566666666666667,0.6335287094116211,0.5937984160921197,33,depth,999048,69.60880489996634,456,static_scale
12,mixed,0.97,0.1220967284838358,0.98,0.06904646337032318,0.6922421762184264,44,depth,999048,67.89045589999296,456,static_scale
12,mixed,0.8033333333333333,0.7948939895629883,0.8433333333333334,0.6505433400472005,0.6110675045977104,55,depth,999048,66.11622129986063,456,static_scale
16,mixed,0.8033333333333333,0.7131503423055013,0.86,0.5589260737101237,0.5667079960122035,11,depth,999048,125.04125430015849,456,baseline
16,mixed,0.8166666666666667,0.7987326431274414,0.8166666666666667,0.6861808395385742,0.573869857437614,22,depth,999048,170.41115850000642,456,baseline
16,mixed,0.91,0.3508386294047038,0.9333333333333333,0.246823574701945,0.6324557078338578,33,depth,999048,187.91592409997247,456,baseline
16,mixed,0.76,0.979539082845052,0.8033333333333333,0.7162366612752279,0.5645123524261764,44,depth,999048,87.16936310008168,456,baseline
16,mixed,0.8533333333333334,0.585265375773112,0.8766666666666667,0.3791519546508789,0.6328634510053572,55,depth,999048,87.49731000000611,456,baseline
16,mixed,0.75,0.976710605621338,0.81,0.7420606040954589,0.554591412691549,11,depth,999048,123.61557619995438,456,gated
16,mixed,0.7266666666666667,1.075739059448242,0.8133333333333334,0.7546832211812338,0.5724713710786002,22,depth,999048,149.30399219994433,456,gated
16,mixed,0.88,0.4391091092427571,0.94,0.20605198701222738,0.6303202165127868,33,depth,999048,156.08834760007448,456,gated
16,mixed,0.7466666666666667,0.9996908887227376,0.8433333333333334,0.627649122873942,0.5656645626636558,44,depth,999048,193.46263210009784,456,gated
16,mixed,0.89,0.4751444943745931,0.9166666666666666,0.33717467308044435,0.6368426391925112,55,depth,999048,140.8386725001037,456,gated
16,mixed,0.7233333333333334,1.1741832605997722,0.79,0.8869659296671549,0.5603968010879691,11,depth,999048,119.38112789997832,456,sa_ff_gated
16,mixed,0.77,0.9707467842102052,0.8166666666666667,0.7161735280354817,0.5779704428616044,22,depth,999048,118.95700749987736,456,sa_ff_gated
16,mixed,0.9033333333333332,0.4200025622049967,0.9433333333333334,0.17177427450815835,0.642050535443075,33,depth,999048,94.96297120000236,456,sa_ff_gated
16,mixed,0.7666666666666667,0.9281643676757813,0.8033333333333333,0.7456814448038737,0.5632696577141438,44,depth,999048,93.58218899997884,456,sa_ff_gated
16,mixed,0.84,0.6114123407999674,0.8933333333333333,0.3901947625478109,0.6279954666842834,55,depth,999048,93.2056217000354,456,sa_ff_gated
16,mixed,0.8333333333333334,0.6763398551940918,0.86,0.5653854688008626,0.5651322809314467,11,depth,999048,91.41823279997334,456,static_scale
16,mixed,0.7733333333333333,0.9226100794474285,0.79,0.7291838200887044,0.5738677137301378,22,depth,999048,96.2949999999255,456,static_scale
16,mixed,0.91,0.2607485103607178,0.9466666666666667,0.16453476786613463,0.633740716161786,33,depth,999048,94.59000289998949,456,static_scale
16,mixed,0.7766666666666666,0.988841183980306,0.8366666666666667,0.6540537325541178,0.5651550576148494,44,depth,999048,123.37107279989868,456,static_scale
16,mixed,0.8866666666666667,0.4421696599324544,0.91,0.33277901490529377,0.6324002333554878,55,depth,999048,100.61918760021216,456,static_scale
16,high,0.99,0.0351419295867284,1.0,0.008479207853476207,0.7717435340039185,11,difficulty,924168,102.6592423999682,456,baseline
16,high,0.9933333333333332,0.0232466783126195,0.9966666666666667,0.015273567537466686,0.759299003716496,22,difficulty,924168,92.98014830006288,456,baseline
16,high,0.9966666666666668,0.0225412746270497,0.9933333333333333,0.02114936461051305,0.786377695036689,33,difficulty,924168,91.20084799989128,456,baseline
16,high,0.99,0.029251051445802,0.9966666666666667,0.013765772978464763,0.7865902105100661,44,difficulty,924168,95.60724150016904,456,baseline
16,high,0.99,0.0308440422018369,1.0,0.005218330224355062,0.8030879829208541,55,difficulty,924168,93.24976209993474,456,baseline
16,high,0.9933333333333332,0.0312566205859184,0.9966666666666667,0.010353677570819855,0.7674522399246312,11,difficulty,924168,97.0714523999486,456,gated
16,high,0.9833333333333332,0.0825388097763061,0.98,0.04598901708920797,0.7477539148726204,22,difficulty,924168,97.0629408999812,456,gated
16,high,0.9933333333333332,0.0317482011516888,1.0,0.008480157554149628,0.8019719610864403,33,difficulty,924168,98.43707460002042,456,gated
16,high,0.99,0.0270111697912216,0.99,0.026463137169679005,0.7773630822534431,44,difficulty,924168,100.94936350011268,456,gated
16,high,0.9933333333333332,0.026162122040987,0.9966666666666667,0.01158442219098409,0.7938997274665789,55,difficulty,924168,104.81832720013335,456,gated
16,high,0.9933333333333332,0.044770904580752,1.0,0.009542278150717417,0.7779568361308044,11,difficulty,924168,104.21266379998995,456,sa_ff_gated
16,high,0.9933333333333332,0.0445218604803085,0.9933333333333333,0.04093372106552124,0.7635707595011585,22,difficulty,924168,114.9804799000267,456,sa_ff_gated
16,high,0.9966666666666668,0.0177245117227236,0.9933333333333333,0.0191998291015625,0.8029148848838451,33,difficulty,924168,111.56951679987831,456,sa_ff_gated
16,high,0.99,0.0414023778835932,0.99,0.030210645099480946,0.7807272703664268,44,difficulty,924168,117.57700389996172,456,sa_ff_gated
16,high,0.99,0.0193395606676737,1.0,0.004802922159433365,0.7983312792335016,55,difficulty,924168,114.69514849991538,456,sa_ff_gated
16,high,0.9933333333333332,0.0302729745705922,1.0,0.00870991955200831,0.7755476890204667,11,difficulty,924168,98.60060989996418,456,static_scale
16,high,0.99,0.0281899384657541,0.9966666666666667,0.013243375966946283,0.7591549804797397,22,difficulty,924168,96.18585720006377,456,static_scale
16,high,0.9933333333333332,0.0269288762410481,0.9933333333333333,0.018073866963386535,0.7878435756990794,33,difficulty,924168,96.8304457999766,456,static_scale
16,high,0.9866666666666668,0.0383249254028002,0.99,0.030588787098725638,0.7829955195736416,44,difficulty,924168,92.68455319991337,456,static_scale
16,high,0.99,0.03201773583889,1.0,0.00529708981513977,0.8033803900733777,55,difficulty,924168,89.55324669997208,456,static_scale
16,low,0.97,0.1141643303632736,0.9966666666666667,0.02395949363708496,0.7688142283065138,11,difficulty,1062408,225.3636511999648,456,baseline
16,low,0.92,0.2985725212097168,0.92,0.23094812393188477,0.704885764226173,22,difficulty,1062408,225.5435695999768,456,baseline
16,low,0.98,0.0819281795620918,1.0,0.008506886462370555,0.7759079813656021,33,difficulty,1062408,390.74285069992766,456,baseline
16,low,0.9633333333333334,0.1435265572865804,0.9833333333333333,0.06193530797958374,0.7335074990022665,44,difficulty,1062408,398.81590860011056,456,baseline
16,low,0.9866666666666668,0.0336119319001833,1.0,0.010658849676450094,0.77251537074269,55,difficulty,1062408,398.93981959996745,456,baseline
16,low,0.9833333333333332,0.053004742860794,0.9966666666666667,0.017832326491673788,0.7780400451929327,11,difficulty,1062408,140.94898640015165,456,gated
16,low,0.9266666666666666,0.2580668028195699,0.9133333333333333,0.2534023984273275,0.6952064947427604,22,difficulty,1062408,119.8597873998806,456,gated
16,low,0.9833333333333332,0.0688497230410575,0.9933333333333333,0.013865364889303844,0.7775726164838117,33,difficulty,1062408,100.51375220017508,456,gated
16,low,0.9666666666666668,0.1755242717266082,0.9633333333333334,0.12110116640726726,0.740084697529888,44,difficulty,1062408,116.1978712999262,456,gated
16,low,0.9966666666666668,0.0163611175616582,0.9933333333333333,0.017463189760843913,0.7740441399788658,55,difficulty,1062408,296.412311000051,456,gated
16,low,0.99,0.0454417084654172,1.0,0.008490828971068065,0.7739880300223644,11,difficulty,1062408,245.00604480016045,456,sa_ff_gated
16,low,0.8833333333333333,0.3997952588399251,0.9066666666666666,0.271226806640625,0.6959188403450778,22,difficulty,1062408,412.8608488999307,456,sa_ff_gated
16,low,0.98,0.078633776307106,0.9966666666666667,0.011653746763865153,0.784642982419811,33,difficulty,1062408,291.3099904998671,456,sa_ff_gated
16,low,0.9666666666666668,0.1349932010968526,0.9633333333333334,0.09684068600336711,0.7412399285396948,44,difficulty,1062408,139.8965906999074,456,sa_ff_gated
16,low,0.9933333333333332,0.0221651491522789,0.9966666666666667,0.01591535101334254,0.779350100589102,55,difficulty,1062408,168.3946154001169,456,sa_ff_gated
16,low,0.97,0.0876465644439061,0.9966666666666667,0.014735526392857233,0.7689645723049275,11,difficulty,1062408,100.64921960001811,456,static_scale
16,low,0.9366666666666666,0.2345630995432535,0.9666666666666667,0.12124367117881775,0.7210865207465808,22,difficulty,1062408,216.4197183998768,456,static_scale
16,low,0.98,0.0666270992159843,0.9966666666666667,0.010905199348926545,0.7746951594867508,33,difficulty,1062408,112.30836570006797,456,static_scale
16,low,0.9566666666666668,0.1855477062861124,0.9566666666666667,0.152964346408844,0.7271932440267772,44,difficulty,1062408,109.11312510003336,456,static_scale
16,low,0.98,0.0581164834896723,0.9833333333333333,0.062161533435185753,0.7674778914189904,55,difficulty,1062408,116.23658340005204,456,static_scale
16,medium,0.9833333333333332,0.0595410841703414,0.9933333333333333,0.018783333897590637,0.8030887002820856,11,difficulty,1010568,89.41771350009367,456,baseline
16,medium,0.99,0.0403514395157496,0.9966666666666667,0.013656339446703592,0.8096113588265874,22,difficulty,1010568,220.1631382999476,456,baseline
16,medium,0.9866666666666668,0.0622659807403882,0.9866666666666667,0.04126559734344482,0.8175912803492689,33,difficulty,1010568,220.15156439994465,456,baseline
16,medium,0.98,0.0565037832657496,0.99,0.025284963150819142,0.8084375140185189,44,difficulty,1010568,220.07931969990025,456,baseline
16,medium,0.9566666666666668,0.1156363741556803,0.9866666666666667,0.03760684907436371,0.7369547175449846,55,difficulty,1010568,222.07297049998303,456,baseline
16,medium,0.9866666666666668,0.0339039491613705,0.9933333333333333,0.03354426170388858,0.8083577601903087,11,difficulty,1010568,231.2088770000264,456,gated
16,medium,0.9833333333333332,0.0415392903486887,0.9866666666666667,0.03858090132474899,0.8147690721125809,22,difficulty,1010568,231.75936829997227,456,gated
16,medium,0.9866666666666668,0.0527724902828534,0.9933333333333333,0.021391433775424958,0.8223627207669351,33,difficulty,1010568,231.7447355999612,456,gated
16,medium,0.9933333333333332,0.037072687447071,0.9966666666666667,0.015466554462909699,0.8133381672485177,44,difficulty,1010568,252.6777333999053,456,gated
16,medium,0.96,0.1186237760384877,0.9833333333333333,0.061451147794723514,0.7349408319545707,55,difficulty,1010568,252.73510630009696,456,gated
16,medium,0.9866666666666668,0.0263624247908592,0.9933333333333333,0.02946862464149793,0.8106979705142718,11,difficulty,1010568,256.5456598000601,456,sa_ff_gated
16,medium,0.9933333333333332,0.0243180185556411,0.9966666666666667,0.009436661352713902,0.8252084751677605,22,difficulty,1010568,297.0054184999317,456,sa_ff_gated
16,medium,0.9833333333333332,0.0603066962460676,0.9933333333333333,0.018640613357226055,0.8238244432833813,33,difficulty,1010568,296.92261040001176,456,sa_ff_gated
16,medium,0.9866666666666668,0.063334321975708,0.9933333333333333,0.015079152782758077,0.8149081209775098,44,difficulty,1010568,297.00545640010387,456,sa_ff_gated
16,medium,0.9633333333333334,0.1066190004348754,0.99,0.046855119864145915,0.7506019931365331,55,difficulty,1010568,238.7139517001342,456,sa_ff_gated
16,medium,0.9866666666666668,0.0561945481101671,0.99,0.02737163265546163,0.8039259588007271,11,difficulty,1010568,221.95277380011976,456,static_scale
16,medium,0.9833333333333332,0.0385012859106063,0.9933333333333333,0.013907022426525752,0.8062004387631507,22,difficulty,1010568,221.9767400999553,456,static_scale
16,medium,0.99,0.0645146326224009,0.9866666666666667,0.048206098079681396,0.8175909768895643,33,difficulty,1010568,260.19214089983143,456,static_scale
16,medium,0.9866666666666668,0.0552830855051676,1.0,0.009491963187853496,0.8098942327483157,44,difficulty,1010568,259.3414511000737,456,static_scale
16,medium,0.9633333333333334,0.1331765170892079,0.9866666666666667,0.050163031419118244,0.739585228307249,55,difficulty,1010568,259.44595919991843,456,static_scale
16,mixed,0.8033333333333333,0.7131503423055013,0.86,0.5589260737101237,0.5667079960122035,11,difficulty,999048,125.04125430015849,456,baseline
16,mixed,0.8166666666666667,0.7987326431274414,0.8166666666666667,0.6861808395385742,0.573869857437614,22,difficulty,999048,170.41115850000642,456,baseline
16,mixed,0.91,0.3508386294047038,0.9333333333333333,0.246823574701945,0.6324557078338578,33,difficulty,999048,187.91592409997247,456,baseline
16,mixed,0.76,0.979539082845052,0.8033333333333333,0.7162366612752279,0.5645123524261764,44,difficulty,999048,87.16936310008168,456,baseline
16,mixed,0.8533333333333334,0.585265375773112,0.8766666666666667,0.3791519546508789,0.6328634510053572,55,difficulty,999048,87.49731000000611,456,baseline
16,mixed,0.75,0.976710605621338,0.81,0.7420606040954589,0.554591412691549,11,difficulty,999048,123.61557619995438,456,gated
16,mixed,0.7266666666666667,1.075739059448242,0.8133333333333334,0.7546832211812338,0.5724713710786002,22,difficulty,999048,149.30399219994433,456,gated
16,mixed,0.88,0.4391091092427571,0.94,0.20605198701222738,0.6303202165127868,33,difficulty,999048,156.08834760007448,456,gated
16,mixed,0.7466666666666667,0.9996908887227376,0.8433333333333334,0.627649122873942,0.5656645626636558,44,difficulty,999048,193.46263210009784,456,gated
16,mixed,0.89,0.4751444943745931,0.9166666666666666,0.33717467308044435,0.6368426391925112,55,difficulty,999048,140.8386725001037,456,gated
16,mixed,0.7233333333333334,1.1741832605997722,0.79,0.8869659296671549,0.5603968010879691,11,difficulty,999048,119.38112789997832,456,sa_ff_gated
16,mixed,0.77,0.9707467842102052,0.8166666666666667,0.7161735280354817,0.5779704428616044,22,difficulty,999048,118.95700749987736,456,sa_ff_gated
16,mixed,0.9033333333333332,0.4200025622049967,0.9433333333333334,0.17177427450815835,0.642050535443075,33,difficulty,999048,94.96297120000236,456,sa_ff_gated
16,mixed,0.7666666666666667,0.9281643676757813,0.8033333333333333,0.7456814448038737,0.5632696577141438,44,difficulty,999048,93.58218899997884,456,sa_ff_gated
16,mixed,0.84,0.6114123407999674,0.8933333333333333,0.3901947625478109,0.6279954666842834,55,difficulty,999048,93.2056217000354,456,sa_ff_gated
16,mixed,0.8333333333333334,0.6763398551940918,0.86,0.5653854688008626,0.5651322809314467,11,difficulty,999048,91.41823279997334,456,static_scale
16,mixed,0.7733333333333333,0.9226100794474285,0.79,0.7291838200887044,0.5738677137301378,22,difficulty,999048,96.2949999999255,456,static_scale
16,mixed,0.91,0.2607485103607178,0.9466666666666667,0.16453476786613463,0.633740716161786,33,difficulty,999048,94.59000289998949,456,static_scale
16,mixed,0.7766666666666666,0.988841183980306,0.8366666666666667,0.6540537325541178,0.5651550576148494,44,difficulty,999048,123.37107279989868,456,static_scale
16,mixed,0.8866666666666667,0.4421696599324544,0.91,0.33277901490529377,0.6324002333554878,55,difficulty,999048,100.61918760021216,456,static_scale
