condition,depth,layer,matched_parameter_control,near_zero_block_seed_count,near_zero_ff_seed_count,near_zero_sa_seed_count,negative_block_seed_count,negative_ff_seed_count,negative_sa_seed_count,reliable_near_zero_block,reliable_near_zero_ff,reliable_near_zero_sa,reliable_negative_block,reliable_negative_ff,reliable_negative_sa,repair_event_ci95_high,repair_event_ci95_low,repair_event_mean,repeated_repair,seed_n,task_family,utility_block_ci95_high,utility_block_ci95_low,utility_block_mean,utility_ff_ci95_high,utility_ff_ci95_low,utility_ff_mean,utility_sa_ci95_high,utility_sa_ci95_low,utility_sa_mean,width
depth12_width64,12,0,False,0,0,0,0,2,0,False,False,False,False,False,False,0.0,0.0,0.0,False,5,maximum,0.9850271344184875,0.29650261998176575,0.6086987257003784,0.08065333962440491,-0.004865653347223997,0.032810114324092865,0.8248090744018555,0.23381224274635315,0.4549872875213623,64
depth12_width64,12,1,False,0,0,0,1,1,1,False,False,False,False,False,False,0.0,0.0,0.0,False,5,maximum,0.2955300211906433,0.005186617374420166,0.12765464186668396,0.016497956588864326,-0.022357329726219177,0.0012380366679280996,0.21936340630054474,0.0007398508605547249,0.09986171871423721,64
depth12_width64,12,2,False,0,0,0,1,2,3,False,False,False,False,False,False,0.0,0.0,0.0,False,5,maximum,0.21722400188446045,-0.006479061208665371,0.08776737749576569,0.031125273555517197,-0.004492740146815777,0.012908585369586945,0.21131065487861633,-0.03446943685412407,0.06507408618927002,64
depth12_width64,12,3,False,0,0,0,0,1,0,False,False,False,False,False,False,0.0,0.0,0.0,False,5,maximum,0.6411787271499634,0.0960557833313942,0.3026078939437866,0.03220655024051666,-0.014124584384262562,0.008214356377720833,0.65803462266922,0.0743197351694107,0.29722949862480164,64
depth12_width64,12,4,False,0,0,0,1,2,1,False,False,False,False,False,False,0.0,0.0,0.0,False,5,maximum,0.13006296753883362,-0.010691920295357704,0.057209622114896774,0.011153608560562134,-0.006645618472248316,0.002253995044156909,0.14917752146720886,-0.006084349937736988,0.06384370476007462,64
depth12_width64,12,5,False,0,0,0,1,2,0,False,False,False,False,False,False,0.0,0.0,0.0,False,5,maximum,0.24365390837192535,0.011524508707225323,0.09603483974933624,0.012384052388370037,-0.017970198765397072,-0.0010621175169944763,0.2053617686033249,0.01373472809791565,0.08923493325710297,64
depth12_width64,12,6,False,0,0,1,1,2,0,False,False,False,False,False,False,0.0,0.0,0.0,False,5,maximum,0.045852478593587875,-0.0014874733751639724,0.025070181116461754,0.01161297969520092,-0.018822932615876198,-0.0009129848331212997,0.033545345067977905,0.011262001469731331,0.02338758111000061,64
depth12_width64,12,7,False,1,0,0,0,2,0,False,False,False,False,False,False,0.0,0.0,0.0,False,5,maximum,0.05515314266085625,0.01031487062573433,0.030715834349393845,0.014251617714762688,-0.00968201644718647,0.002141796052455902,0.046727925539016724,0.012759966775774956,0.029743945226073265,64
depth12_width64,12,8,False,0,1,0,0,2,0,False,False,False,False,False,False,0.0,0.0,0.0,False,5,maximum,0.05818610638380051,0.014731752686202526,0.03645893186330795,0.014316159300506115,-0.004579220898449421,0.0034814917016774416,0.05863870307803154,0.011363332159817219,0.032807935029268265,64
depth12_width64,12,9,False,0,0,0,0,0,0,False,False,False,False,False,False,0.0,0.0,0.0,False,5,maximum,0.04492530971765518,0.01420651189982891,0.02866988442838192,0.007360266055911779,0.003443721681833267,0.005193118937313557,0.037814825773239136,0.010960040614008904,0.022582395002245903,64
depth12_width64,12,10,False,0,0,2,0,1,0,False,False,False,False,False,False,0.0,0.0,0.0,False,5,maximum,0.0229235477745533,0.006858999375253916,0.014769461937248707,0.009137885645031929,0.0007858930039219558,0.005155087448656559,0.017474060878157616,0.0015400599222630262,0.009254684671759605,64
depth12_width64,12,11,False,0,0,1,0,0,0,False,False,False,False,False,False,0.0,0.0,0.0,False,5,maximum,0.016046619042754173,0.008678974583745003,0.012362795881927013,0.008943500928580761,0.004475765395909548,0.006463644094765186,0.009366663172841072,0.0016143284738063812,0.005490495823323727,64
depth12_width64,12,0,False,0,0,0,0,1,0,False,False,False,False,False,False,0.0,0.0,0.0,False,5,minimum,0.30535703897476196,0.0982811450958252,0.1834326982498169,0.06285183131694794,-0.00021732598543167114,0.02967059053480625,0.2648546099662781,0.0365411601960659,0.1411842703819275,64
depth12_width64,12,1,False,0,0,1,1,1,0,False,False,False,False,False,False,0.0,0.0,0.0,False,5,minimum,1.578547477722168,0.09283105283975601,0.7647322416305542,0.04545759782195091,0.006404790095984936,0.02681742049753666,1.8095042705535889,0.052692800760269165,0.8296330571174622,64
depth12_width64,12,2,False,0,0,0,0,0,1,False,False,False,False,False,False,0.0,0.0,0.0,False,5,minimum,0.7400635480880737,0.19155026972293854,0.4653409421443939,0.03193388134241104,0.010814016684889793,0.021373949944972992,0.8823758363723755,0.17106828093528748,0.5232685804367065,64
depth12_width64,12,3,False,0,1,0,0,0,0,False,False,False,False,False,False,0.0,0.0,0.0,False,5,minimum,0.45078814029693604,0.06762494146823883,0.23454821109771729,0.02541300095617771,0.005927680525928736,0.014365171082317829,0.49924999475479126,0.04750469699501991,0.2393082082271576,64
depth12_width64,12,4,False,0,1,0,0,4,0,False,False,False,False,True,False,0.0,0.0,0.0,False,5,minimum,0.25147736072540283,0.027725284919142723,0.12012239545583725,-0.0029048279393464327,-0.014142359606921673,-0.00747675308957696,0.30330610275268555,0.027391761541366577,0.13660526275634766,64
depth12_width64,12,5,False,1,0,0,0,0,1,False,False,False,False,False,False,0.0,0.0,0.0,False,5,minimum,0.3176262080669403,0.03467694669961929,0.1637994945049286,0.028896460309624672,0.005027867387980223,0.014219815842807293,0.32576271891593933,0.02267875336110592,0.15859629213809967,64
depth12_width64,12,6,False,1,0,0,0,3,0,False,False,False,False,False,False,0.0,0.0,0.0,False,5,minimum,0.10316753387451172,0.029930338263511658,0.06657546013593674,0.010268079116940498,-0.006237915251404047,0.001246248953975737,0.10474983602762222,0.049152590334415436,0.07602710276842117,64
depth12_width64,12,7,False,1,1,1,0,1,0,False,False,False,False,False,False,0.0,0.0,0.0,False,5,minimum,0.0625341609120369,0.013085956685245037,0.0378100611269474,0.010925627313554287,0.0011579608544707298,0.00631944602355361,0.05938293784856796,0.011422001756727695,0.03477129340171814,64
depth12_width64,12,8,False,0,0,2,1,2,2,False,False,False,False,False,False,0.0,0.0,0.0,False,5,minimum,0.02399401366710663,-0.006659647915512323,0.009523903019726276,0.013538980856537819,-0.011418466456234455,0.001565706916153431,0.029207834973931313,-0.004768322221934795,0.007944121956825256,64
depth12_width64,12,9,False,1,2,1,0,0,0,False,False,False,False,False,False,0.0,0.0,0.0,False,5,minimum,0.024439534172415733,0.005509034264832735,0.01497428398579359,0.009702791459858418,0.0015624742954969406,0.00489619467407465,0.014695852994918823,0.0013058846816420555,0.007339643780142069,64
depth12_width64,12,10,False,0,0,1,1,2,1,False,False,False,False,False,False,0.0,0.0,0.0,False,5,minimum,0.018803546205163002,0.001979159191250801,0.010307477787137032,0.013889169320464134,4.0276536310557276e-05,0.006964723579585552,0.007168543059378862,-0.0002898093080148101,0.003463048953562975,64
depth12_width64,12,11,False,2,0,1,0,2,0,False,False,False,False,False,False,0.0,0.0,0.0,False,5,minimum,0.019345715641975403,0.003987112082540989,0.011734286323189735,0.009901301935315132,-0.00168396788649261,0.003747112350538373,0.010481761768460274,0.0026185319293290377,0.006416472606360912,64
depth16_width32_matched,16,0,True,0,0,0,0,1,1,False,False,False,False,False,False,0.0,0.0,0.0,False,5,maximum,0.30264630913734436,0.08919499069452286,0.18182067573070526,0.1245918720960617,0.01604549214243889,0.08089171350002289,0.1538921296596527,0.01291628461331129,0.08110003918409348,32
depth16_width32_matched,16,1,True,0,0,0,0,0,0,False,False,False,False,False,False,0.0,0.0,0.0,False,5,maximum,0.3133789002895355,0.12917973101139069,0.20877957344055176,0.10199131816625595,0.05564155429601669,0.07881643623113632,0.1756223738193512,0.06281337887048721,0.1192178875207901,32
depth16_width32_matched,16,2,True,0,0,0,0,1,2,False,False,False,False,False,False,0.0,0.0,0.0,False,5,maximum,0.37996721267700195,0.16241522133350372,0.27119123935699463,0.09353330731391907,0.02412540279328823,0.06167515367269516,0.31164026260375977,0.021163340657949448,0.16640180349349976,32
depth16_width32_matched,16,3,True,0,0,1,0,1,1,False,False,False,False,False,False,0.0,0.0,0.0,False,5,maximum,0.3418530821800232,0.09836064279079437,0.1920243799686432,0.11703962087631226,0.011716244742274284,0.06437793374061584,0.26527488231658936,-0.004021205939352512,0.09935995936393738,32
depth16_width32_matched,16,4,True,0,0,0,0,2,0,False,False,False,False,False,False,0.0,0.0,0.0,False,5,maximum,0.43377336859703064,0.06828224658966064,0.21610887348651886,0.032468102872371674,-0.02105768956243992,0.006781748495995998,0.5266596078872681,0.07111360132694244,0.23286493122577667,32
depth16_width32_matched,16,5,True,0,0,0,1,2,0,False,False,False,False,False,False,0.0,0.0,0.0,False,5,maximum,0.22433380782604218,0.04444631189107895,0.13003286719322205,0.027538007125258446,-0.014099908992648125,0.0067190490663051605,0.21134276688098907,0.055793821811676025,0.1335068643093109,32
depth16_width32_matched,16,6,True,0,0,0,1,1,1,False,False,False,False,False,False,0.0,0.0,0.0,False,5,maximum,0.12873049080371857,0.024681709706783295,0.08460719138383865,0.03877606615424156,-0.0006445497274398804,0.020130282267928123,0.08141635358333588,0.007657967507839203,0.04656278342008591,32
depth16_width32_matched,16,7,True,0,0,1,0,2,0,False,False,False,False,False,False,0.0,0.0,0.0,False,5,maximum,0.24163606762886047,0.05142622068524361,0.14268340170383453,0.035918720066547394,-0.00942314974963665,0.013169258832931519,0.2544277012348175,0.02319086156785488,0.13383886218070984,32
depth16_width32_matched,16,8,True,0,0,0,1,2,0,False,False,False,False,False,False,0.0,0.0,0.0,False,5,maximum,0.12065719068050385,0.005814855918288231,0.0576011948287487,0.03183812275528908,-0.008527269586920738,0.010230029001832008,0.08371029049158096,0.012147031724452972,0.04393943399190903,32
depth16_width32_matched,16,9,True,0,0,1,0,0,0,False,False,False,False,False,False,0.0,0.0,0.0,False,5,maximum,0.08945971727371216,0.04031240940093994,0.06327521055936813,0.03433775156736374,0.010294022038578987,0.022529998794198036,0.088484026491642,0.01552495639771223,0.04721740260720253,32
depth16_width32_matched,16,10,True,1,1,0,1,2,1,False,False,False,False,False,False,0.0,0.0,0.0,False,5,maximum,0.039783746004104614,-0.0031538945622742176,0.017217740416526794,0.008766120299696922,-0.008303681388497353,1.5797279047546908e-05,0.03646109625697136,0.0006624769303016365,0.01856178790330887,32
depth16_width32_matched,16,11,True,0,0,0,0,0,1,False,False,False,False,False,False,0.0,0.0,0.0,False,5,maximum,0.07268160581588745,0.0108259916305542,0.04107757657766342,0.042435646057128906,0.013232521712779999,0.02702035941183567,0.027461150661110878,0.0004966612905263901,0.013978905975818634,32
depth16_width32_matched,16,12,True,0,0,0,0,1,0,False,False,False,False,False,False,0.0,0.0,0.0,False,5,maximum,0.07476858794689178,0.015745367854833603,0.045303743332624435,0.02486489713191986,-0.0009840221609920263,0.011449972167611122,0.07219177484512329,0.006718316115438938,0.0345609076321125,32
depth16_width32_matched,16,13,True,0,0,1,0,1,0,False,False,False,False,False,False,0.0,0.0,0.0,False,5,maximum,0.03779960051178932,0.012950874865055084,0.025375237688422203,0.02530612051486969,0.0018203321378678083,0.012957463040947914,0.02640124224126339,0.004238661378622055,0.012617143802344799,32
depth16_width32_matched,16,14,True,1,0,1,0,0,0,False,False,False,False,False,False,0.0,0.0,0.0,False,5,maximum,0.058186888694763184,0.013414129614830017,0.0358005091547966,0.02901943027973175,0.008358369581401348,0.018688898533582687,0.031067434698343277,0.0029055976774543524,0.014522221870720387,32
depth16_width32_matched,16,15,True,0,0,0,1,2,2,False,False,False,False,False,False,0.0,0.0,0.0,False,5,maximum,0.041424933820962906,0.004585213493555784,0.021543210372328758,0.022831261157989502,-0.0003299861855339259,0.011252079159021378,0.01858346536755562,-0.0014575573150068521,0.008928830735385418,32
depth16_width32_matched,16,0,True,0,0,0,0,1,0,False,False,False,False,False,False,0.0,0.0,0.0,False,5,minimum,0.7081471681594849,0.3097440302371979,0.5011274814605713,0.22307416796684265,0.06081753224134445,0.1370784342288971,0.4233767092227936,0.11644860357046127,0.2508436441421509,32
depth16_width32_matched,16,1,True,0,0,0,0,1,0,False,False,False,False,False,False,0.0,0.0,0.0,False,5,minimum,0.41586560010910034,0.11260607093572617,0.24115951359272003,0.30961233377456665,0.05965174362063408,0.17789342999458313,0.09539443254470825,0.02891705371439457,0.06165672093629837,32
depth16_width32_matched,16,2,True,0,0,0,0,2,0,False,False,False,False,False,False,0.0,0.0,0.0,False,5,minimum,0.6605310440063477,0.29510265588760376,0.46897000074386597,0.07603885233402252,-0.02223004586994648,0.02660355530679226,0.4947492480278015,0.22116787731647491,0.35795858502388,32
depth16_width32_matched,16,3,True,0,0,0,0,2,0,False,False,False,False,False,False,0.0,0.0,0.0,False,5,minimum,0.1853688359260559,0.0771036297082901,0.1268080770969391,0.03481117635965347,-0.026401180773973465,0.005474233068525791,0.1291210949420929,0.06835956126451492,0.09710878133773804,32
depth16_width32_matched,16,4,True,0,0,0,0,0,0,False,False,False,False,False,False,0.0,0.0,0.0,False,5,minimum,1.065931797027588,0.16827890276908875,0.5350235104560852,0.080894336104393,0.019375894218683243,0.04930121451616287,1.1541818380355835,0.11238572746515274,0.5041590332984924,32
depth16_width32_matched,16,5,True,0,0,0,0,1,0,False,False,False,False,False,False,0.0,0.0,0.0,False,5,minimum,0.4370206296443939,0.20578213036060333,0.30314499139785767,0.055195678025484085,0.0019013613928109407,0.03106999397277832,0.4216085374355316,0.20215347409248352,0.2928416430950165,32
depth16_width32_matched,16,6,True,0,0,0,1,1,1,False,False,False,False,False,False,0.0,0.0,0.0,False,5,minimum,0.25750142335891724,0.02534843049943447,0.12191160023212433,0.04689127951860428,0.0030694359447807074,0.02392956241965294,0.1821293830871582,0.015353793278336525,0.09101851284503937,32
depth16_width32_matched,16,7,True,0,0,0,1,1,2,False,False,False,False,False,False,0.0,0.0,0.0,False,5,minimum,0.03633355349302292,-0.0007561236852779984,0.019277583807706833,0.03852332755923271,-0.01234288327395916,0.01466725766658783,0.030849331989884377,-0.02641087770462036,0.002737086731940508,32
depth16_width32_matched,16,8,True,0,1,1,1,1,0,False,False,False,False,False,False,0.0,0.0,0.0,False,5,minimum,0.11321403831243515,0.01610906980931759,0.06466154754161835,0.04286966472864151,-0.0030935981776565313,0.020126331597566605,0.0829816535115242,0.004534552805125713,0.04150143638253212,32
depth16_width32_matched,16,9,True,0,1,0,1,0,1,False,False,False,False,False,False,0.0,0.0,0.0,False,5,minimum,0.28779861330986023,0.013287126086652279,0.12513458728790283,0.04064036160707474,0.004557543434202671,0.02091541513800621,0.31398001313209534,0.01079802680760622,0.12765273451805115,32
depth16_width32_matched,16,10,True,0,0,0,1,0,1,False,False,False,False,False,False,0.0,0.0,0.0,False,5,minimum,0.06913924217224121,0.01586170494556427,0.04599759727716446,0.034247986972332,0.010323317721486092,0.021549168974161148,0.03948728367686272,0.005273664370179176,0.024536535143852234,32
depth16_width32_matched,16,11,True,0,0,2,0,0,1,False,False,False,False,False,False,0.0,0.0,0.0,False,5,minimum,0.043137114495038986,0.01710912398993969,0.030094588175415993,0.027564067393541336,0.012259943410754204,0.0205584317445755,0.029671505093574524,-0.002650276757776737,0.011051690205931664,32
depth16_width32_matched,16,12,True,0,1,0,0,1,0,False,False,False,False,False,False,0.0,0.0,0.0,False,5,minimum,0.060158997774124146,0.01341145671904087,0.030015328899025917,0.010558086447417736,-0.005996870342642069,0.002494618995115161,0.05208097770810127,0.012592795304954052,0.027474084869027138,32
depth16_width32_matched,16,13,True,0,0,1,1,1,1,False,False,False,False,False,False,0.0,0.0,0.0,False,5,minimum,0.04130522906780243,-0.010952773503959179,0.01791619509458542,0.018170388415455818,-0.0034105852246284485,0.00786135345697403,0.02277490869164467,-0.010116762481629848,0.008318249136209488,32
depth16_width32_matched,16,14,True,1,0,0,0,1,1,False,False,False,False,False,False,0.0,0.0,0.0,False,5,minimum,0.04677767679095268,0.013408342376351357,0.030085062608122826,0.026388714089989662,0.0011220891028642654,0.014470318332314491,0.022040782496333122,0.0026766641531139612,0.011918410658836365,32
depth16_width32_matched,16,15,True,1,0,1,0,0,1,False,False,False,False,False,False,0.0,0.0,0.0,False,5,minimum,0.033848367631435394,0.012094519101083279,0.024403925985097885,0.02013937197625637,0.009037756361067295,0.01365838386118412,0.015600791200995445,-0.003641606541350484,0.007296367082744837,32
depth16_width64,16,0,False,0,0,0,0,0,2,False,False,False,False,False,False,0.0,0.0,0.0,False,5,maximum,0.6660178899765015,0.06697074323892593,0.282707154750824,0.09651093184947968,0.03398031368851662,0.06839460134506226,0.3734132647514343,-0.01883191242814064,0.12682458758354187,64
depth16_width64,16,1,False,0,0,0,0,2,0,False,False,False,False,False,False,0.0,0.0,0.0,False,5,maximum,1.3406579494476318,0.15642783045768738,0.6506907343864441,0.025570958852767944,-0.009724033996462822,0.007027667947113514,1.6029495000839233,0.0951807051897049,0.7270577549934387,64
depth16_width64,16,2,False,0,0,1,0,0,1,False,False,False,False,False,False,0.0,0.0,0.0,False,5,maximum,0.06341929733753204,0.028758039698004723,0.045792363584041595,0.03810950741171837,0.01645626127719879,0.028197016566991806,0.025330394506454468,-9.294599294662476e-07,0.0126647325232625,64
depth16_width64,16,3,False,0,0,0,1,1,1,False,False,False,False,False,False,0.0,0.0,0.0,False,5,maximum,0.40576568245887756,0.007357691880315542,0.1641921103000641,0.03607214242219925,-0.006741621997207403,0.014871413819491863,0.4424366354942322,0.00080179946962744,0.1611151546239853,64
depth16_width64,16,4,False,0,0,0,0,3,1,False,False,False,False,False,False,0.0,0.0,0.0,False,5,maximum,0.11734630167484283,0.03062267228960991,0.07398448884487152,0.02404005452990532,-0.015911342576146126,0.0024787518195807934,0.12093228101730347,0.02667209878563881,0.07314395904541016,64
depth16_width64,16,5,False,1,1,0,1,1,2,False,False,False,False,False,False,0.0,0.0,0.0,False,5,maximum,0.06358277052640915,-0.014001840725541115,0.026209136471152306,0.01046321913599968,-0.004831690341234207,0.0033644363284111023,0.0465884804725647,-0.012341541238129139,0.016569891944527626,64
depth16_width64,16,6,False,0,1,0,0,2,0,False,False,False,False,False,False,0.0,0.0,0.0,False,5,maximum,0.04977809265255928,0.021003222092986107,0.03539065644145012,0.007180555257946253,-0.008272230625152588,-0.0005458374507725239,0.048718832433223724,0.023768773302435875,0.03600592911243439,64
depth16_width64,16,7,False,1,1,0,0,1,0,False,False,False,False,False,False,0.0,0.0,0.0,False,5,maximum,0.21062760055065155,0.010934244841337204,0.08331726491451263,0.00654586311429739,-0.0034713223576545715,0.0020524889696389437,0.24705195426940918,0.01029593963176012,0.09454333782196045,64
depth16_width64,16,8,False,1,1,1,1,2,1,False,False,False,False,False,False,0.0,0.0,0.0,False,5,maximum,0.02643262781202793,0.0010310442885383964,0.014370227232575417,0.0023031895980238914,-0.011218583211302757,-0.004279605112969875,0.036552928388118744,0.0032030807342380285,0.019893920049071312,64
depth16_width64,16,9,False,0,1,0,0,0,0,False,False,False,False,False,False,0.0,0.0,0.0,False,5,maximum,0.023808453232049942,0.011120595037937164,0.015829164534807205,0.0038316710852086544,0.0011993451043963432,0.0027797252405434847,0.020406657829880714,0.005839255638420582,0.011851225979626179,64
depth16_width64,16,10,False,0,1,2,0,1,0,False,False,False,False,False,False,0.0,0.0,0.0,False,5,maximum,0.02473212219774723,0.011174065060913563,0.017272939905524254,0.0090255718678236,-0.00012964996858499944,0.004535764455795288,0.023589912801980972,0.003208573441952467,0.012803895398974419,64
depth16_width64,16,11,False,0,0,1,4,2,2,False,False,False,False,False,False,0.0,0.0,0.0,False,5,maximum,0.0033401940017938614,-0.006695748772472143,-0.0023964950814843178,0.002777340356260538,-0.009267539717257023,-0.0031669102609157562,0.004101335071027279,-0.004661492072045803,-0.00022907982929609716,64
depth16_width64,16,12,False,0,1,0,0,3,0,False,False,False,False,False,False,0.0,0.0,0.0,False,5,maximum,0.015136790461838245,0.005207818932831287,0.010172305628657341,0.0014116856036707759,-0.006440108176320791,-0.002036608289927244,0.018110282719135284,0.005835906136780977,0.011973094195127487,64
depth16_width64,16,13,False,1,0,2,0,0,1,False,False,False,False,False,False,0.0,0.0,0.0,False,5,maximum,0.00984056107699871,0.002778479363769293,0.006170855835080147,0.005101977847516537,0.0028021952603012323,0.003927771467715502,0.00538104772567749,-0.0018448960036039352,0.0015159844188019633,64
depth16_width64,16,14,False,2,1,1,0,1,1,False,False,False,False,False,False,0.0,0.0,0.0,False,5,maximum,0.012107854709029198,0.0028163674287497997,0.007497704122215509,0.006152777932584286,-0.0010368515504524112,0.002639922546222806,0.008757109753787518,0.00034541700733825564,0.00457106065005064,64
depth16_width64,16,15,False,0,1,2,2,2,0,False,False,False,False,False,False,0.0,0.0,0.0,False,5,maximum,0.011887636967003345,-0.0026627001352608204,0.004557069391012192,0.00707524549216032,-0.001911747851409018,0.0023393628653138876,0.004393893294036388,-0.0003268918953835964,0.001958617242053151,64
depth16_width64,16,0,False,0,1,1,0,0,1,False,False,False,False,False,False,0.0,0.0,0.0,False,5,minimum,0.406261682510376,0.10460585355758667,0.2495812475681305,0.097019262611866,0.016862738877534866,0.05660936236381531,0.3938862979412079,0.004313045646995306,0.2021595984697342,64
depth16_width64,16,1,False,0,0,0,0,1,1,False,False,False,False,False,False,0.0,0.0,0.0,False,5,minimum,2.0955650806427,0.11395084857940674,0.9860519170761108,0.06690353155136108,0.010985859669744968,0.034993935376405716,1.9954952001571655,0.051804155111312866,0.99519282579422,64
depth16_width64,16,2,False,0,1,0,0,0,1,False,False,False,False,False,False,0.0,0.0,0.0,False,5,minimum,0.14015379548072815,0.02488124556839466,0.07758516073226929,0.034316353499889374,0.006087730638682842,0.018713850528001785,0.1346510648727417,-0.0072247632779181,0.06301584094762802,64
depth16_width64,16,3,False,0,1,0,0,2,1,False,False,False,False,False,False,0.0,0.0,0.0,False,5,minimum,0.218046635389328,0.048740554600954056,0.123653843998909,0.04256904870271683,-0.014565194956958294,0.013229286298155785,0.18228547275066376,0.03472528234124184,0.10353517532348633,64
depth16_width64,16,4,False,0,0,0,1,1,1,False,False,False,False,False,False,0.0,0.0,0.0,False,5,minimum,0.16060571372509003,0.034260280430316925,0.10876767337322235,0.03287161514163017,0.0007428126409649849,0.01763930357992649,0.1451813280582428,0.027110647410154343,0.08786016702651978,64
depth16_width64,16,5,False,0,1,0,1,2,1,False,False,False,False,False,False,0.0,0.0,0.0,False,5,minimum,0.14458408951759338,0.010230520740151405,0.06966078281402588,0.009258357807993889,-0.0029554925858974457,0.0028742351569235325,0.1469830572605133,0.0022537962067872286,0.06430580466985703,64
depth16_width64,16,6,False,0,1,0,0,0,0,False,False,False,False,False,False,0.0,0.0,0.0,False,5,minimum,0.13067927956581116,0.04710490629076958,0.08442127704620361,0.012615391984581947,0.0024371896870434284,0.00737317418679595,0.12372823804616928,0.03289346024394035,0.07650598138570786,64
depth16_width64,16,7,False,2,0,0,0,3,0,False,False,False,False,False,False,0.0,0.0,0.0,False,5,minimum,0.11375750601291656,0.003916959278285503,0.043954696506261826,0.004657302983105183,-0.01440445613116026,-0.004152409732341766,0.17668083310127258,0.008265857584774494,0.06779386848211288,64
depth16_width64,16,8,False,0,2,0,0,2,0,False,False,False,False,False,False,0.0,0.0,0.0,False,5,minimum,0.05016972869634628,0.01737229712307453,0.03437364846467972,0.003938664682209492,-0.0053154462948441505,-0.0009591177804395556,0.04635687917470932,0.023580361157655716,0.03459552675485611,64
depth16_width64,16,9,False,0,0,0,1,4,1,False,False,False,False,False,False,0.0,0.0,0.0,False,5,minimum,0.023908525705337524,0.00136456242762506,0.012822635471820831,-0.001277831383049488,-0.008424727246165276,-0.00533230509608984,0.03349914401769638,0.0034024803899228573,0.01942080445587635,64
depth16_width64,16,10,False,2,0,0,2,3,2,False,False,False,False,False,False,0.0,0.0,0.0,False,5,minimum,0.03660399466753006,-0.0071307457983493805,0.009581477381289005,0.007285167928785086,-0.009270335547626019,-0.0017278625164180994,0.028736481443047523,-0.003896170761436224,0.010138113051652908,64
depth16_width64,16,11,False,1,3,1,1,0,1,False,False,False,False,False,False,0.0,0.0,0.0,False,5,minimum,0.021922549232840538,-0.0006654823082499206,0.009311428293585777,0.01168378908187151,-6.303870759438723e-05,0.005766348447650671,0.014373615384101868,-0.00839975755661726,0.0034225427079945803,64
depth16_width64,16,12,False,3,1,1,0,2,0,False,False,False,False,False,False,0.0,0.0,0.0,False,5,minimum,0.02075917087495327,0.0005336750182323158,0.009915774688124657,0.010337742045521736,-0.005369286052882671,0.0021703033708035946,0.012653772719204426,0.002865265589207411,0.0075478688813745975,64
depth16_width64,16,13,False,1,1,0,1,4,0,False,False,False,False,True,False,0.0,0.0,0.0,False,5,minimum,0.003922192379832268,-0.0013560764491558075,0.0014629862271249294,-0.0023472043685615063,-0.006693030241876841,-0.004457847680896521,0.00889184046536684,0.0033507917542010546,0.006121315993368626,64
depth16_width64,16,14,False,0,0,5,2,2,0,False,False,True,False,False,False,0.0,0.0,0.0,False,5,minimum,0.005780638195574284,-0.004077623598277569,0.0008078267564997077,0.006825113203376532,-0.004079021513462067,0.0013730458449572325,0.00011424359399825335,-0.0011376668699085712,-0.0004896697355434299,64
depth16_width64,16,15,False,2,2,1,1,1,2,False,False,False,False,False,False,0.0,0.0,0.0,False,5,minimum,0.009010129608213902,-0.005052892956882715,0.002007446950301528,0.005613985471427441,-0.005026879720389843,0.0007899889606051147,0.004047808237373829,-0.0022741854190826416,0.0006484561017714441,64
depth4_width64,4,0,False,0,0,0,0,1,0,False,False,False,False,False,False,0.0,0.0,0.0,False,5,maximum,0.7500365376472473,0.23210497200489044,0.4612656533718109,0.07797836512327194,0.015778061002492905,0.0485696867108345,0.7795613408088684,0.14630532264709473,0.40982332825660706,64
depth4_width64,4,1,False,0,0,0,0,1,1,False,False,False,False,False,False,0.0,0.0,0.0,False,5,maximum,0.7951356172561646,0.08808884769678116,0.4162551760673523,0.06286229938268661,0.003814469324424863,0.03057081624865532,0.7744814157485962,0.028936753049492836,0.4051467776298523,64
depth4_width64,4,2,False,0,0,0,0,0,0,False,False,False,False,False,False,0.0,0.0,0.0,False,5,maximum,2.1766178607940674,0.5697242617607117,1.180632472038269,0.06834669411182404,0.018490858376026154,0.04311130940914154,2.8401830196380615,0.5834159255027771,1.3900127410888672,64
depth4_width64,4,3,False,0,0,0,0,0,0,False,False,False,False,False,False,0.0,0.0,0.0,False,5,maximum,0.6589353084564209,0.2454991340637207,0.45303815603256226,0.06835699826478958,0.028797697275877,0.04953966662287712,0.6761285066604614,0.1772443652153015,0.42668646574020386,64
depth4_width64,4,0,False,0,0,0,0,0,0,False,False,False,False,False,False,0.0,0.0,0.0,False,5,minimum,0.7164131999015808,0.34802743792533875,0.5508030652999878,0.13021880388259888,0.07009097933769226,0.09896808862686157,0.3833577632904053,0.25980713963508606,0.31639349460601807,64
depth4_width64,4,1,False,0,0,0,0,1,0,False,False,False,False,False,False,0.0,0.0,0.0,False,5,minimum,1.2467588186264038,0.37398797273635864,0.8167794346809387,0.06333031505346298,0.012411875650286674,0.03941551223397255,1.3753459453582764,0.3549375832080841,0.8507911562919617,64
depth4_width64,4,2,False,0,0,0,0,0,0,False,False,False,False,False,False,0.0,0.0,0.0,False,5,minimum,0.6485873460769653,0.12446215003728867,0.37794026732444763,0.04115935042500496,0.02205931767821312,0.03098387084901333,0.6849343180656433,0.07933805137872696,0.37362906336784363,64
depth4_width64,4,3,False,0,0,0,0,0,0,False,False,False,False,False,False,0.0,0.0,0.0,False,5,minimum,0.5706493258476257,0.16110126674175262,0.345121830701828,0.03877154737710953,0.026367399841547012,0.03329760953783989,0.5364586114883423,0.11816692352294922,0.3101581633090973,64
depth8_width64,8,0,False,0,0,0,0,1,0,False,False,False,False,False,False,0.0,0.0,0.0,False,5,maximum,1.0158500671386719,0.19247765839099884,0.6040972471237183,0.17080776393413544,0.00787309743463993,0.08518777787685394,0.8146165609359741,0.07896554470062256,0.423483282327652,64
depth8_width64,8,1,False,0,0,0,0,1,0,False,False,False,False,False,False,0.0,0.0,0.0,False,5,maximum,0.46985116600990295,0.14695054292678833,0.29808008670806885,0.04111068695783615,-0.002395630581304431,0.022193502634763718,0.44133424758911133,0.10692739486694336,0.26188915967941284,64
depth8_width64,8,2,False,0,0,0,2,2,2,False,False,False,False,False,False,0.0,0.0,0.0,False,5,maximum,0.7396773099899292,-0.00024188534007407725,0.2726987898349762,0.052149366587400436,-0.009952623397111893,0.018879670649766922,0.9266640543937683,-0.009531788527965546,0.3210243284702301,64
depth8_width64,8,3,False,0,2,0,0,0,0,False,False,False,False,False,False,0.0,0.0,0.0,False,5,maximum,0.3270188868045807,0.14527785778045654,0.23457615077495575,0.03145679831504822,0.00361560913734138,0.01632194221019745,0.3250095248222351,0.11724827438592911,0.2113177329301834,64
depth8_width64,8,4,False,0,0,0,0,1,0,False,False,False,False,False,False,0.0,0.0,0.0,False,5,maximum,0.2716920077800751,0.10542861372232437,0.18519175052642822,0.02875576540827751,0.004329147282987833,0.017294220626354218,0.24107320606708527,0.07851458340883255,0.16109135746955872,64
depth8_width64,8,5,False,0,0,0,0,0,0,False,False,False,False,False,False,0.0,0.0,0.0,False,5,maximum,0.07432391494512558,0.04392915964126587,0.05836092308163643,0.022251125425100327,0.006556399166584015,0.012871531769633293,0.04999316483736038,0.03781961277127266,0.043327830731868744,64
depth8_width64,8,6,False,0,1,0,0,0,0,False,False,False,False,False,False,0.0,0.0,0.0,False,5,maximum,0.08849325776100159,0.027891844511032104,0.05365031212568283,0.012810783460736275,0.003306412370875478,0.008376490324735641,0.0805225521326065,0.016640547662973404,0.04337223619222641,64
depth8_width64,8,7,False,1,1,0,1,1,1,False,False,False,False,False,False,0.0,0.0,0.0,False,5,maximum,0.04664258658885956,0.005982334725558758,0.02680494263768196,0.01705266907811165,0.001991053344681859,0.009581130929291248,0.027327051386237144,0.0031481985934078693,0.015237626619637012,64
depth8_width64,8,0,False,0,0,0,0,3,0,False,False,False,False,False,False,0.0,0.0,0.0,False,5,minimum,0.9886484146118164,0.431440532207489,0.6566907167434692,0.06184827536344528,-0.022270286455750465,0.01933152601122856,0.9233348965644836,0.42519789934158325,0.6753609776496887,64
depth8_width64,8,1,False,0,0,0,0,2,0,False,False,False,False,False,False,0.0,0.0,0.0,False,5,minimum,0.6322828531265259,0.26008161902427673,0.46541938185691833,0.05790773779153824,-0.012582357041537762,0.0244758203625679,0.6063909530639648,0.16980883479118347,0.4031006693840027,64
depth8_width64,8,2,False,0,0,0,0,2,0,False,False,False,False,False,False,0.0,0.0,0.0,False,5,minimum,0.2396036982536316,0.1342165470123291,0.1889011710882187,0.02998795174062252,-0.017454104498028755,0.008248085156083107,0.29537662863731384,0.10545909404754639,0.1943013221025467,64
depth8_width64,8,3,False,0,0,0,1,2,1,False,False,False,False,False,False,0.0,0.0,0.0,False,5,minimum,1.2034705877304077,0.11030952632427216,0.5294252038002014,0.048539210110902786,-0.012177754193544388,0.014070791192352772,1.3096182346343994,0.09119830280542374,0.5846819877624512,64
depth8_width64,8,4,False,0,0,0,0,2,0,False,False,False,False,False,False,0.0,0.0,0.0,False,5,minimum,0.28642383217811584,0.04499088600277901,0.15834644436836243,0.037830375134944916,-0.008421190083026886,0.011174838989973068,0.3267182409763336,0.035605210810899734,0.16638922691345215,64
depth8_width64,8,5,False,0,1,0,0,2,1,False,False,False,False,False,False,0.0,0.0,0.0,False,5,minimum,0.061147380620241165,0.019916487857699394,0.03819284588098526,0.011102142743766308,-0.01469678245484829,-0.0009234234457835555,0.07013846933841705,0.01299193687736988,0.04086696729063988,64
depth8_width64,8,6,False,0,1,0,0,1,0,False,False,False,False,False,False,0.0,0.0,0.0,False,5,minimum,0.06654878705739975,0.049001891165971756,0.0563335120677948,0.012135541066527367,-0.008227087557315826,0.0023609676863998175,0.0704888179898262,0.037537168711423874,0.053197234869003296,64
depth8_width64,8,7,False,0,2,0,0,0,0,False,False,False,False,False,False,0.0,0.0,0.0,False,5,minimum,0.05196666717529297,0.031251516193151474,0.04130765050649643,0.026387572288513184,0.0011386555852368474,0.01205888669937849,0.042674470692873,0.013168292120099068,0.027176622301340103,64
