accuracy,block_update_norm,condition,depth,effective_block_count,effective_block_fraction,effective_ff_count,effective_ff_fraction,effective_sa_count,effective_sa_fraction,ff_update_norm,fraction_near_zero_block,fraction_near_zero_ff,fraction_near_zero_sa,fraction_negative_block,fraction_negative_ff,fraction_negative_sa,matched_parameter_control,mean_target_logprob,repair_event_rate,residual_norm_acf_lag1,sa_update_norm,seed,task_family,update_norm_acf_lag1,utility_block,utility_ff,utility_sa,width
0.9888888888888889,4.52118652816172,depth12_width64,12,12,1.0,11,0.9166666666666666,12,1.0,2.404193643618513,0.21944444444444444,0.4888888888888889,0.39444444444444443,0.06111111111111111,0.053703703703703705,0.1037037037037037,False,-0.060328862184865606,0.0,0.12903767980123693,3.251792629615024,11,maximum,0.24172210516111658,0.08272027979018512,0.009591668659683179,0.08581435719798147,64
0.9888888888888889,4.8991605310528366,depth12_width64,12,12,1.0,10,0.8333333333333334,10,0.8333333333333334,3.0206283563816987,0.3212962962962963,0.5425925925925926,0.4935185185185185,0.044444444444444446,0.06574074074074074,0.09814814814814815,False,-0.06019458485146364,0.0,0.19623884654882,3.269226484000683,22,maximum,0.2423324357795031,0.2081014792452118,0.005479998786554292,0.1577279026887414,64
0.9222222222222223,4.756739352809058,depth12_width64,12,8,0.6666666666666666,3,0.25,9,0.75,2.7464807908844064,0.19537037037037036,0.40370370370370373,0.3435185185185185,0.14629629629629629,0.15185185185185185,0.18888888888888888,False,-0.27927590023933185,0.0,0.09263889379151267,3.268993318412039,33,maximum,0.20107445405473873,0.04481597048126989,-0.008341712321810149,0.05013025166139145,64
0.8888888888888888,4.798915657732222,depth12_width64,12,10,0.8333333333333334,6,0.5,10,0.8333333333333334,2.7284205827448105,0.262037037037037,0.475,0.37777777777777777,0.16296296296296298,0.17222222222222222,0.17314814814814813,False,-0.29378936173808246,0.0,0.26730848122132117,3.338533271021313,44,maximum,0.3328012609526653,0.15262325458504536,-0.0035476678904766837,0.14341348148451222,64
0.9333333333333333,4.547540121608311,depth12_width64,12,12,1.0,12,1.0,10,0.8333333333333334,2.598375398582882,0.15185185185185185,0.3472222222222222,0.32407407407407407,0.13518518518518519,0.11296296296296296,0.19166666666666668,False,-0.2291788988436262,0.0,0.2236592257759993,3.109356287232152,55,maximum,0.25641299079955693,0.10674742669625967,0.029269848096494872,0.06020495594755091,64
0.9555555555555556,4.77134567686805,depth12_width64,12,11,0.9166666666666666,8,0.6666666666666666,10,0.8333333333333334,2.405641034135112,0.21944444444444444,0.5185185185185185,0.3675925925925926,0.1111111111111111,0.09259259259259259,0.13240740740740742,False,-0.12743157729920412,0.0,0.1671331217446365,3.58956071993819,11,minimum,0.24885369751319322,0.13404617641914499,0.0064968302276813324,0.14143210846620302,64
0.9444444444444444,5.291651631946917,depth12_width64,12,10,0.8333333333333334,6,0.5,8,0.6666666666666666,2.5763111177417968,0.3277777777777778,0.6444444444444445,0.46574074074074073,0.09907407407407408,0.07685185185185185,0.12222222222222222,False,-0.21078426957958274,0.0,0.13209642060520074,3.898117045395904,22,minimum,0.23720705785181728,0.24104012407327968,0.00433751730489786,0.26330881952308116,64
0.9555555555555556,4.367729537133817,depth12_width64,12,11,0.9166666666666666,10,0.8333333333333334,10,0.8333333333333334,2.558830490487593,0.12407407407407407,0.29444444444444445,0.28425925925925927,0.1787037037037037,0.1814814814814815,0.21574074074074073,False,-0.20929223741922115,0.0,0.14745329309210287,2.9692648714891186,33,minimum,0.24545047119273578,0.17665919866585345,0.018902704835420957,0.1634484240492047,64
0.9444444444444444,4.617419969814795,depth12_width64,12,10,0.8333333333333334,9,0.75,9,0.75,2.6555370424632674,0.2638888888888889,0.44722222222222224,0.4361111111111111,0.10740740740740741,0.10648148148148148,0.15648148148148147,False,-0.17632660410470433,0.0,0.29100321838610665,3.155834067474913,44,minimum,0.3380001619562622,0.2044622407708731,0.012908489816753124,0.21670250668949276,64
0.9,4.337801227856565,depth12_width64,12,9,0.75,6,0.5,11,0.9166666666666666,2.547641908349814,0.14166666666666666,0.24537037037037038,0.21388888888888888,0.24444444444444444,0.27870370370370373,0.23796296296296296,False,-0.34274340942502024,0.0,0.21032747988760497,2.9928554554780322,55,minimum,0.2787382199146291,0.11166786731358755,0.00890013562273924,0.11700701969330786,64
0.5777777777777777,2.2510948359138436,depth16_width32_matched,16,13,0.8125,12,0.75,10,0.625,1.416098836147123,0.018055555555555554,0.01875,0.021527777777777778,0.3958333333333333,0.39305555555555555,0.4361111111111111,True,-1.3798888353837861,0.0,0.20817399796154254,1.5451712001115083,11,maximum,0.39098908162316853,0.07229972465170754,0.033715487530248035,0.03827761848353677,32
0.6333333333333333,2.182093082740903,depth16_width32_matched,16,16,1.0,13,0.8125,13,0.8125,1.3742010904683006,0.011111111111111112,0.02847222222222222,0.018055555555555554,0.3277777777777778,0.4166666666666667,0.36875,True,-1.2540288690063688,0.0,0.2885542809421875,1.5206802098701397,22,maximum,0.4102181724494408,0.12874762962261835,0.024803124223318367,0.11464031317995654,32
0.6888888888888889,2.3719957357479466,depth16_width32_matched,16,16,1.0,16,1.0,14,0.875,1.5943331316113472,0.02638888888888889,0.03819444444444445,0.03125,0.2590277777777778,0.32222222222222224,0.325,True,-1.0734342389636569,0.0,0.3801866214736138,1.5594663713748256,33,maximum,0.4358804085143169,0.11988118609620466,0.038313849829137325,0.06883513304508394,32
0.7222222222222222,2.2810401199592483,depth16_width32_matched,16,12,0.75,5,0.3125,14,0.875,1.4729073222312663,0.02013888888888889,0.04236111111111111,0.041666666666666664,0.40902777777777777,0.44513888888888886,0.4201388888888889,True,-0.9539166031612291,0.0,0.3019121259302968,1.5498533392532003,44,maximum,0.36291549946900986,0.0956016594130132,-0.005214611989342504,0.09484241503394313,32
0.8888888888888888,2.4879430303970973,depth16_width32_matched,16,16,1.0,15,0.9375,15,0.9375,1.6390698210232788,0.0375,0.06319444444444444,0.07569444444444444,0.20347222222222222,0.2125,0.3145833333333333,True,-0.6042051061987876,0.0,0.3767097823392558,1.6149204925944407,55,maximum,0.32744246306885744,0.12548311089889871,0.04797783147336708,0.06064818953681323,32
0.6555555555555556,2.223310854203171,depth16_width32_matched,16,14,0.875,14,0.875,10,0.625,1.418168402587374,0.020833333333333332,0.021527777777777778,0.015277777777777777,0.3416666666666667,0.3090277777777778,0.4354166666666667,True,-1.3126822468307284,0.0,0.22459257563357748,1.5399569533351394,11,minimum,0.3948639927143126,0.118953442801204,0.04533261569837729,0.07178035802725288,32
0.7888888888888889,2.2614867304348283,depth16_width32_matched,16,12,0.75,14,0.875,11,0.6875,1.5187662952062158,0.025,0.041666666666666664,0.035416666666666666,0.3277777777777778,0.30069444444444443,0.4111111111111111,True,-0.9070006294382943,0.0,0.2600361303078595,1.5113087082281709,22,minimum,0.39163525628359314,0.12181500401347875,0.040866669660641085,0.08313013476630052,32
0.7222222222222222,2.256202713979615,depth16_width32_matched,16,16,1.0,13,0.8125,16,1.0,1.4847270442379845,0.009722222222222222,0.029166666666666667,0.019444444444444445,0.24861111111111112,0.3375,0.29791666666666666,True,-1.056862639884154,0.0,0.3782612106096268,1.5004433190657034,33,minimum,0.43624918163614995,0.22032089906020297,0.04935570553772979,0.1455084226404627,32
0.8,2.4274407337109247,depth16_width32_matched,16,15,0.9375,14,0.875,14,0.875,1.5185474019083711,0.025694444444444443,0.03611111111111111,0.043055555555555555,0.2965277777777778,0.30069444444444443,0.3951388888888889,True,-0.8258522321780523,0.0,0.28106042090520433,1.6332135017961265,44,minimum,0.33954142426034395,0.17617998071428803,0.04746528774913814,0.09922795894866189,32
0.8111111111111111,2.2788238906198077,depth16_width32_matched,16,15,0.9375,9,0.5625,15,0.9375,1.4599577787849638,0.01597222222222222,0.041666666666666664,0.03611111111111111,0.28888888888888886,0.39652777777777776,0.33402777777777776,True,-0.8175497041808234,0.0,0.39394438995631287,1.5197772550707063,55,minimum,0.368664962795861,0.20202178293839096,0.0006208749384515815,0.19975109255562226,32
0.9333333333333333,4.256239466203583,depth16_width64,16,13,0.8125,11,0.6875,12,0.75,2.5851893143521414,0.41805555555555557,0.5666666666666667,0.5611111111111111,0.12430555555555556,0.10694444444444444,0.13194444444444445,False,-0.2285530482729276,0.0,0.23505676689343696,2.8854975388695796,11,maximum,0.29859952229264003,0.01993689989645241,0.008766639261092576,0.013913968461565673,64
0.9555555555555556,4.260628690736161,depth16_width64,16,13,0.8125,11,0.6875,9,0.5625,2.819442500339614,0.3173611111111111,0.46041666666666664,0.4895833333333333,0.1423611111111111,0.10416666666666667,0.18958333333333333,False,-0.2033227991623183,0.0,0.3444682067401623,2.660803812411096,22,maximum,0.34684300847737987,0.05918991330868772,0.012223003692148874,0.027729129161970276,64
0.9444444444444444,4.578411852982309,depth16_width64,16,12,0.75,4,0.25,10,0.625,2.512407650384638,0.39375,0.6493055555555556,0.5118055555555555,0.10277777777777777,0.07777777777777778,0.12916666666666668,False,-0.15798324863943788,0.0,0.32686023776344275,3.2703841988411213,33,maximum,0.2367977232256332,0.09030929703407714,0.0037488222141594937,0.10336485679727048,64
0.9777777777777777,4.37855708921949,depth16_width64,16,13,0.8125,9,0.5625,14,0.875,2.519276007099284,0.30625,0.49583333333333335,0.41458333333333336,0.12638888888888888,0.12430555555555556,0.13819444444444445,False,-0.09251456740829679,0.0,0.34858030318992456,3.0495175519337256,44,maximum,0.3029441979349132,0.18279820408335784,0.001462068959760169,0.20595700732794486,64
0.9666666666666667,4.459819123811192,depth16_width64,16,14,0.875,15,0.9375,13,0.8125,2.831570982436339,0.38680555555555557,0.59375,0.5347222222222222,0.09166666666666666,0.06944444444444445,0.12638888888888888,False,-0.11152535337540838,0.0,0.25133224760722644,2.8602936630033784,55,maximum,0.19648752739763292,0.09643996001816252,0.015230704197246167,0.05911755389921988,64
0.9444444444444444,4.220482424481047,depth16_width64,16,10,0.625,6,0.375,11,0.6875,2.533759719795651,0.36944444444444446,0.5604166666666667,0.5173611111111112,0.11319444444444444,0.11458333333333333,0.12222222222222222,False,-0.209238338480807,0.0,0.19983436489603465,2.866142769364847,11,minimum,0.2521642303006451,0.23389095550260713,0.0037182262025049163,0.20309979690549274,64
0.9222222222222223,4.061937757084767,depth16_width64,16,11,0.6875,7,0.4375,13,0.8125,2.4279090171058972,0.2722222222222222,0.46875,0.39166666666666666,0.15208333333333332,0.17777777777777778,0.17083333333333334,False,-0.3746128982450399,0.0,0.348683151804188,2.8005621744112834,22,minimum,0.3852056269876003,0.1611542940670107,0.0033307521461716128,0.1889134539058432,64
0.9666666666666667,4.297235563480192,depth16_width64,16,13,0.8125,11,0.6875,12,0.75,2.363236428383324,0.2951388888888889,0.5729166666666666,0.4305555555555556,0.1111111111111111,0.10069444444444445,0.14652777777777778,False,-0.14652070680426227,0.0,0.3870260506929804,3.097755307993955,33,minimum,0.31305562419907396,0.049610270565608516,0.012530443499821962,0.03103216230520047,64
0.9333333333333333,4.263575261831283,depth16_width64,16,12,0.75,9,0.5625,9,0.5625,2.616005932042996,0.26944444444444443,0.43333333333333335,0.3840277777777778,0.15416666666666667,0.12986111111111112,0.21388888888888888,False,-0.2744586159578628,0.0,0.36787257369087456,2.9112923660212093,44,minimum,0.3661700957428871,0.05928012708771146,0.0211509625453295,0.037863469865664634,64
0.9333333333333333,4.280933662421173,depth16_width64,16,13,0.8125,6,0.375,14,0.875,2.6241910388900176,0.36180555555555555,0.5465277777777777,0.4673611111111111,0.12430555555555556,0.14444444444444443,0.13472222222222222,False,-0.16316119715985325,0.0,0.24851430459706939,2.893655283997456,55,minimum,0.20268614169026478,0.06605182228183064,0.004551895077262695,0.08339555789781217,64
0.9222222222222223,8.404660114977094,depth4_width64,4,4,1.0,3,0.75,4,1.0,3.567942977282736,0.030555555555555555,0.15,0.05277777777777778,0.17777777777777778,0.18611111111111112,0.2388888888888889,False,-0.33971024836517044,0.0,0.0828209269243113,6.7661967621909245,11,maximum,0.1553012688569854,0.39862304878058946,0.021869463408883245,0.4207907492864049,64
0.9111111111111111,6.968697669770982,depth4_width64,4,4,1.0,4,1.0,4,1.0,3.8944126033120687,0.011111111111111112,0.058333333333333334,0.03888888888888889,0.16666666666666666,0.19166666666666668,0.2638888888888889,False,-0.36032836313049,0.0,0.16458614288454151,4.888032940361235,22,maximum,0.1797302997063121,0.5160484828624047,0.053484384599141774,0.4532150440616533,64
0.8555555555555555,7.348086653153102,depth4_width64,4,4,1.0,3,0.75,4,1.0,3.760462866889106,0.0,0.03888888888888889,0.03333333333333333,0.16944444444444445,0.2638888888888889,0.24166666666666667,False,-0.5569723188256224,0.0,0.09812423734628181,5.45175443622801,33,maximum,0.10371855488855443,0.5120047526020143,0.02830344986480971,0.5649172124297669,64
0.8444444444444444,7.272178451882469,depth4_width64,4,4,1.0,4,1.0,4,1.0,3.7186407708459432,0.019444444444444445,0.04722222222222222,0.03888888888888889,0.10277777777777777,0.175,0.2222222222222222,False,-0.48669548249906963,0.0,0.14781163410645806,5.33001077969869,44,maximum,0.16867654743675506,0.6384354654026942,0.06883675043678118,0.5568356276127613,64
0.9444444444444444,8.957625601026747,depth4_width64,4,4,1.0,4,1.0,3,0.75,3.6584321515427694,0.05555555555555555,0.1361111111111111,0.11944444444444445,0.1111111111111111,0.1361111111111111,0.22777777777777777,False,-0.22933964940408866,0.0,0.1408322211647626,6.985762451754676,55,maximum,0.12034643103769567,1.073877634630642,0.04224529228587118,1.293828042361161,64
0.8333333333333334,6.710468174351586,depth4_width64,4,4,1.0,4,1.0,4,1.0,3.4916512383355034,0.016666666666666666,0.1388888888888889,0.08055555555555556,0.14166666666666666,0.2361111111111111,0.24166666666666667,False,-0.5635693492988746,0.0,0.0573695374047222,4.740641623073154,11,minimum,0.1662032140970243,0.6923990062955353,0.04372619389711569,0.6759801609234677,64
0.8888888888888888,7.178718484110302,depth4_width64,4,4,1.0,3,0.75,4,1.0,3.6770337402820585,0.03611111111111111,0.10277777777777777,0.05277777777777778,0.20555555555555555,0.26944444444444443,0.21388888888888888,False,-0.40945511170559457,0.0,0.15054926309320663,5.311692751447359,22,minimum,0.1637718693189931,0.299461094967814,0.025415914091798993,0.3089717416713635,64
0.9333333333333333,7.854912030696869,depth4_width64,4,4,1.0,4,1.0,4,1.0,3.6707666801081764,0.016666666666666666,0.03888888888888889,0.03611111111111111,0.12777777777777777,0.13055555555555556,0.2,False,-0.34634334815459117,0.0,0.15562948793085524,5.8315468271573385,33,minimum,0.12388469137755843,0.4276751200151112,0.0640426177945402,0.3038178073707968,64
0.8333333333333334,7.120709364944034,depth4_width64,4,4,1.0,4,1.0,4,1.0,3.3938560528887645,0.002777777777777778,0.044444444444444446,0.03333333333333333,0.10555555555555556,0.21666666666666667,0.19166666666666668,False,-0.48172191871951026,0.0,0.17248836683469967,5.387622126936913,44,minimum,0.2258929248707217,0.5958056251414948,0.06193355284631252,0.5512857405417081,64
0.9333333333333333,7.759196590714985,depth4_width64,4,4,1.0,4,1.0,4,1.0,4.2108069856961565,0.04722222222222222,0.09722222222222222,0.1111111111111111,0.06388888888888888,0.11944444444444445,0.14444444444444443,False,-0.2024626631496681,0.0,0.07916369069539037,5.508153401811918,55,minimum,0.10429311281558411,0.5979649765830901,0.05821306895102478,0.4736595218069851,64
0.9777777777777777,5.672529210646947,depth8_width64,8,8,1.0,8,1.0,8,1.0,2.911743014223046,0.1111111111111111,0.30833333333333335,0.24166666666666667,0.09861111111111111,0.09722222222222222,0.16805555555555557,False,-0.15226801501380072,0.0,0.11615388699170176,4.052747704419825,11,maximum,0.27721362014837925,0.10650666466293236,0.022309538843627606,0.06817413545731041,64
0.9333333333333333,5.899302149150107,depth8_width64,8,7,0.875,4,0.5,7,0.875,3.1007377084758545,0.12361111111111112,0.3277777777777778,0.23472222222222222,0.18611111111111112,0.175,0.21944444444444444,False,-0.28151033302355144,0.0,0.1778999732085342,4.180069348961115,22,maximum,0.25876293666711314,0.11008466728574907,-0.0013351379104682968,0.09959678227444076,64
0.9,5.418203730053372,depth8_width64,8,6,0.75,5,0.625,6,0.75,2.888661217523946,0.08888888888888889,0.2263888888888889,0.18888888888888888,0.20555555555555555,0.18333333333333332,0.25277777777777777,False,-0.3031234495341778,0.0,0.07748755013773613,3.827884186969863,33,maximum,0.18769404137598636,0.29216259106890197,0.020950662957814833,0.2552432753973537,64
0.9333333333333333,5.497031491994858,depth8_width64,8,8,1.0,7,0.875,8,1.0,2.91942144466771,0.12638888888888888,0.34444444444444444,0.2652777777777778,0.10694444444444444,0.1,0.16111111111111112,False,-0.1808996413110031,0.0,0.16349753908926787,3.9070106455021434,44,maximum,0.18251067600059387,0.2872292312288967,0.02242777236840791,0.23739157043552647,64
0.9555555555555556,5.992787254518933,depth8_width64,8,7,0.875,6,0.75,8,1.0,3.104336700008975,0.15,0.4125,0.2902777777777778,0.09166666666666666,0.0625,0.13194444444444445,False,-0.17074615607659022,0.0,0.19013330550482754,4.28829416020049,55,maximum,0.1571286034842261,0.28742947064133156,0.054838582213657595,0.2650589439409992,64
0.8777777777777778,5.3413101547294195,depth8_width64,8,8,1.0,4,0.5,8,1.0,2.703809940814972,0.06388888888888888,0.2777777777777778,0.10833333333333334,0.19305555555555556,0.23333333333333334,0.2125,False,-0.30813222483007446,0.0,0.15392812327128114,3.913212729493777,11,minimum,0.29469592881941936,0.30970943314023314,0.013760357912785064,0.3185299711094962,64
0.9111111111111111,5.225873571799861,depth8_width64,8,8,1.0,4,0.5,8,1.0,3.0308899035056434,0.06666666666666667,0.16111111111111112,0.14722222222222223,0.17222222222222222,0.23333333333333334,0.24166666666666667,False,-0.3039674217502276,0.0,0.18299631719209072,3.552036555773682,22,minimum,0.2244546429989239,0.41628729172516615,0.02237076110775686,0.4223312054010522,64
0.9333333333333333,5.300636536214086,depth8_width64,8,8,1.0,4,0.5,8,1.0,3.1550624195072388,0.07777777777777778,0.18333333333333332,0.25555555555555554,0.13472222222222222,0.18333333333333332,0.1875,False,-0.26925472809622686,0.0,0.12027320323900817,3.5881629342834156,33,minimum,0.2123923350480254,0.1950830970088848,0.0019329782135577666,0.1860500189346365,64
0.9444444444444444,4.970533152090178,depth8_width64,8,8,1.0,8,1.0,7,0.875,2.9148681438631483,0.09722222222222222,0.2513888888888889,0.23333333333333334,0.1111111111111111,0.09305555555555556,0.1625,False,-0.21960324035543535,0.0,0.17699783966461635,3.446801694565349,44,minimum,0.1658230437283881,0.28439777293242513,0.0273076464732488,0.2365786658341272,64
0.9333333333333333,5.705248586336771,depth8_width64,8,7,0.875,2,0.25,7,0.875,3.157490967379676,0.1625,0.4527777777777778,0.3486111111111111,0.05416666666666667,0.08055555555555556,0.07083333333333333,False,-0.18592129955068232,0.0,0.15906293294408694,3.978995878001054,55,minimum,0.1655619955870659,0.1286579318021217,-0.008623314047387491,0.1771820090387741,64
