family_n,layer,seed,task_pair,utility_block_difference,utility_ff_difference,utility_sa_difference
60,0,11,first__last,0.06321275694450984,-0.001002240685435633,0.0059737103331523635
60,0,22,first__last,-0.029677627449079105,0.0022603492136113344,-0.02847482675376038
60,0,33,first__last,0.06126106788093845,-0.0018867171253077685,-0.017504887453590832
60,0,44,first__last,-2.163297603779938,0.02907813193354135,-2.385563024385677
60,0,55,first__last,0.003482249181251973,-0.00021384275363137324,0.0007828142882014314
60,1,11,first__last,0.07284813277656213,0.012619262145987402,0.21012237136407444
60,1,22,first__last,0.4876359410545168,-0.0068679659549767775,0.29737350932943324
60,1,33,first__last,-0.08064781160016234,-0.010189891206876685,-0.01057016800235336
60,1,44,first__last,0.08956900209886953,0.06488659730336319,0.0004190477930630247
60,1,55,first__last,-0.046322393029307324,-0.0008017606916837395,-0.004369718212789545
60,2,11,first__last,-0.11334236369778712,0.005454717351434131,-0.17323477154908082
60,2,22,first__last,-0.07156356845516712,-0.006748216917427877,-0.046069380928141376
60,2,33,first__last,-0.04044469373766333,-0.006296547149152805,0.01138323318058004
60,2,44,first__last,-0.00889700574722762,0.00017255370039492846,-0.0200869944683897
60,2,55,first__last,0.0320734685092854,-9.462860568116108e-05,0.015037565084639937
60,3,11,first__last,0.5450840287686636,-0.0017600697814486922,0.5964555918898744
60,3,22,first__last,-0.5948484487016685,0.0022459831282806895,-0.6246432493363197
60,3,33,first__last,0.4499165988061577,-0.010177438353033115,0.9651179791078903
60,3,44,first__last,-0.005043110022476564,0.0004084059658149878,-0.036043598824956766
60,3,55,first__last,-0.013432443242830534,-0.0005698596437772115,-0.0014718343426162997
60,4,11,first__last,-0.13999642338603735,-0.000289162527769804,-0.16906436356172586
60,4,22,first__last,0.0006154632079415024,0.0020065176455924907,-0.001342282455880195
60,4,33,first__last,0.11622071456319343,0.00025716345213974516,0.10628578151809051
60,4,44,first__last,0.002206346074429651,0.00039048947704335056,0.000848624020970116
60,4,55,first__last,-0.0006828123548378547,-0.0002923247947668036,-0.00047331323536733787
60,5,11,first__last,2.3061886818303416,0.001750193105544895,2.2874688943615182
60,5,22,first__last,-7.670398335903882e-05,-0.001923335820902139,0.00010923794858778517
60,5,33,first__last,-0.006251588572437564,-0.00025166087240601577,-0.0033620921972518166
60,5,44,first__last,-0.0019097371531339982,0.0004928427515551448,-0.004118721540241192
60,5,55,first__last,-0.00013907323979462188,-2.972108389561375e-05,-0.000162489153444767
60,6,11,first__last,0.00839099584069724,-0.00019968301445866626,0.009573029319290072
60,6,22,first__last,0.004799424073038002,0.0013239429603951673,-0.004496547447827955
60,6,33,first__last,0.02457709317095578,-0.0003137642905736963,0.024568263010587545
60,6,44,first__last,5.3980465357502304e-05,-0.00041090444816897315,0.0004696586634963751
60,6,55,first__last,8.186310684929291e-05,-0.00014364789240062237,0.00039312616378689804
60,7,11,first__last,-0.005463929497636855,0.00026072441056991617,-0.004916562562963615
60,7,22,first__last,-0.00196768290673693,-4.7542527318000795e-05,-0.0019130128746231397
60,7,33,first__last,-0.0001523704694894453,-0.00048377750208601357,0.00025037387774015467
60,7,44,first__last,0.0012124792051812013,-0.0005248592390368382,0.0022527510727134844
60,7,55,first__last,8.143566471214096e-05,-2.9468823534746964e-05,3.099474124610424e-05
60,8,11,first__last,-0.000633886456489563,-0.0008316300615357856,0.00029404562277098495
60,8,22,first__last,0.0018929789463678996,-0.0007585663658877214,0.002231451061864694
60,8,33,first__last,0.00025468152404452363,-0.0008203437668271363,0.0006613443605601787
60,8,44,first__last,0.0005346104308652382,-0.00022457240071768563,0.0005653132529308398
60,8,55,first__last,-0.00037533472059294584,-1.3723344697306553e-05,-0.00033099631934116285
60,9,11,first__last,-0.00839315129754444,-0.00017123504852255186,-0.007395035389345139
60,9,22,first__last,0.0006453217899737259,0.0001292506349273026,0.0005522061061734954
60,9,33,first__last,0.00035862791119143365,-0.00017293137886251013,0.0004934173232565323
60,9,44,first__last,0.0003670901137714585,0.0003780729214971264,2.2126493665079276e-05
60,9,55,first__last,-0.0005840675323270262,-4.031885570536057e-05,-0.0005026481463573873
60,10,11,first__last,-0.0022016584989614785,-0.000925247937751313,-0.0014226866808409492
60,10,22,first__last,1.857494547342261e-05,-0.003577387713206311,0.002211434510536492
60,10,33,first__last,-0.0007342097776321074,-0.0002688787140262624,-0.0003714488392385344
60,10,44,first__last,0.00106787079712376,-0.00033711428986862304,0.0016448480736774703
60,10,55,first__last,-0.0001898742086874942,-0.00011524713675801953,-2.1367663672814768e-05
60,11,11,first__last,-0.0009065290292104085,9.573672044401367e-05,-0.0008993453190972408
60,11,22,first__last,0.0014056230545975267,-0.0017800384395134947,0.0023168564890511333
60,11,33,first__last,-2.4263067947079737e-05,-0.00042451610400651895,0.0003157304405855636
60,11,44,first__last,-0.0008031205972656608,-0.00014416937095423538,-0.0005665284969533483
60,11,55,first__last,-4.543483955785632e-05,-5.2131270058453084e-05,1.3837835285812617e-05
60,12,11,first__last,-0.001335125711436073,-0.000987970371109744,-0.00040388775523751973
60,12,22,first__last,0.0005157633995016415,-0.0008300425756412248,0.0010772900306619704
60,12,33,first__last,-0.0005419534398242831,-0.0003514051165742179,-0.00015605345834046602
60,12,44,first__last,-5.3337585025777416e-05,-0.00018967716799428064,0.00010807811049744487
60,12,55,first__last,-1.5486070575813454e-05,-7.3804403655231e-05,4.710133653134108e-05
60,13,11,first__last,-0.000582806603051722,-0.0006545325314315657,0.00019669283259039124
60,13,22,first__last,-0.0021210715911972027,-0.0024903286364860834,0.0001723743276670575
60,13,33,first__last,-0.00037378304405137895,-0.0003810437163338065,3.453518341605862e-05
60,13,44,first__last,0.0001443080953322351,-9.738878579810262e-05,0.00025474068243056534
60,13,55,first__last,-7.764154967541496e-05,1.15515625414749e-05,-8.906854394202431e-05
60,14,11,first__last,0.0009018784970976412,0.0006662262681250771,0.0001619114656932652
60,14,22,first__last,-0.0021626755323571464,-0.0019787716718080144,-0.00011546051052088538
60,14,33,first__last,-0.00039403558087845644,-0.00046115420603503785,5.006514644871155e-06
60,14,44,first__last,9.983625107755264e-05,0.00022827905680363378,-9.798075382908186e-05
60,14,55,first__last,-6.338967165599266e-05,-3.046053849781553e-05,-2.9925544125338396e-05
60,15,11,first__last,0.0005153684255977471,0.0005584839265793562,-0.00016164535578961175
60,15,22,first__last,-0.0005801948175455133,-0.000616059797660758,-9.005524528523286e-06
60,15,33,first__last,-0.0003769863707323869,-0.0002028795269628366,-0.00015539296825105945
60,15,44,first__last,-0.00010659478527183333,-0.00015321560204029083,4.661620672171315e-05
60,15,55,first__last,-9.723922315364082e-05,-3.951803082600236e-05,-4.8982538282871245e-05
60,0,11,first__middle,0.06891388771667456,-0.006618770541778455,0.007135917032913616
60,0,22,first__middle,-0.12584780503530055,0.0005940233240835369,-0.021365700867803147
60,0,33,first__middle,0.12781560987544557,0.0009166087062718967,0.02543579990354677
60,0,44,first__middle,-1.5035838932109375,0.028857581530852865,-1.183090213693989
60,0,55,first__middle,0.0014800799816536406,0.0009868734477398297,-0.0010668918451604743
60,1,11,first__middle,-0.6455892656308909,-6.4589781686663624e-06,-0.06575143826194108
60,1,22,first__middle,0.48467798366133746,-0.0004880698630586267,0.2942169563495554
60,1,33,first__middle,-0.0010098103356237212,0.0015726981684565545,-0.0011304529577804109
60,1,44,first__middle,0.05351717260976632,0.06582714985124767,-0.003607761390352001
60,1,55,first__middle,0.025675865239463747,8.028014563024043e-05,0.02342989145545289
60,2,11,first__middle,-0.10514274890301749,0.003508633887395263,-0.01906865576747805
60,2,22,first__middle,-0.617140360281337,-4.7392223495990035e-05,-0.4863283514006374
60,2,33,first__middle,-0.011975705941828589,0.00025875901725764074,-0.003123044602883359
60,2,44,first__middle,0.00042572064946095147,-0.0018670597850965957,0.0010693273313033085
60,2,55,first__middle,-0.014267378870863467,4.227079140643279e-06,9.816791862249375e-06
60,3,11,first__middle,0.3817667735856958,-0.0072353680346471565,0.4453518195194192
60,3,22,first__middle,-0.1978479651423792,1.3748734878997008e-05,-0.06506457323751723
60,3,33,first__middle,-1.0211219604864405,-0.0018813168862834573,-0.40464070581365374
60,3,44,first__middle,-0.0007351043828142186,0.00043964957197507225,-0.00605746206905072
60,3,55,first__middle,0.00017174641058469812,-5.1869743037968875e-05,0.00026356869687636694
60,4,11,first__middle,-0.0077173091704025865,0.001207899065533032,-0.013152315467596053
60,4,22,first__middle,-0.0016601179260760546,0.00014157564534495275,-0.0017110721596206228
60,4,33,first__middle,0.0796169552874441,0.0005091660578424732,0.07288541462815677
60,4,44,first__middle,0.0011438286009555062,-0.0005852504478146632,0.00192349828624477
60,4,55,first__middle,0.0005277684268852075,4.2596843559294936e-05,0.0005944017398481567
60,5,11,first__middle,2.325799320389827,0.00472172733473902,2.3029847501971137
60,5,22,first__middle,-0.0034754714385295906,0.000132050229391704,-0.005145828534538547
60,5,33,first__middle,-0.0014718126893664399,-0.000554603268392384,-0.0007076788305615385
60,5,44,first__middle,-0.006362249407296379,0.0005470810031207899,-0.006947048311121762
60,5,55,first__middle,0.0002528264536522329,0.00012817992828786373,7.946734549477697e-05
60,6,11,first__middle,0.0028258503841546673,-0.0017949216455842058,0.005957558817074945
60,6,22,first__middle,0.005124488597114881,7.348499105622372e-05,-0.0016200138566394647
60,6,33,first__middle,0.03177828897411625,-0.0011945566783348718,0.0291703620304664
60,6,44,first__middle,0.0008664045870924989,-0.0003369009781939288,0.001160527137108147
60,6,55,first__middle,0.00030132584506645797,7.786694914102554e-06,0.000373713206499815
60,7,11,first__middle,-0.0036701581285645563,0.0004339429239432017,-0.004094651290991654
60,7,22,first__middle,0.001016713100640724,0.0002461030070359508,0.0007793869629191855
60,7,33,first__middle,2.3845354250321785e-05,0.0008495973073877394,-0.0005407238573146363
60,7,44,first__middle,0.001491204792788873,-0.0007475663248139123,0.002575929082619647
60,7,55,first__middle,0.000294271542225033,0.0001035207222836713,0.00010194206455101569
60,8,11,first__middle,0.0064326961485979455,0.002877802960574627,0.005116743722464889
60,8,22,first__middle,-0.004864288854878396,3.8489400564382475e-05,-0.006853739234308402
60,8,33,first__middle,0.00048476414522156117,0.00030005778341243665,0.000154829576301078
60,8,44,first__middle,0.00021776481686780851,-7.633847029258808e-05,6.740346240500609e-06
60,8,55,first__middle,0.0002991803145656983,1.9827000020692746e-05,0.0002916622441262007
60,9,11,first__middle,-0.012554888795906056,0.0004366637246372799,-0.013809475349262357
60,9,22,first__middle,0.0001396986423060298,-0.00010336279325808088,0.0002350134503406783
60,9,33,first__middle,0.002112115166770915,5.888616821418206e-06,0.002022886749667426
60,9,44,first__middle,0.0007458347866001228,0.0006258278425472478,0.00012561783272152144
60,9,55,first__middle,-0.0001947135819743077,4.813583800569177e-05,-0.00026767610494668286
60,10,11,first__middle,-0.0011673966306261717,-0.003145064339817812,0.0014581144787371159
60,10,22,first__middle,0.0009782188028718034,0.00011107546743005514,0.0005381270893849432
60,10,33,first__middle,0.0009455519961193204,0.0008224110313070317,0.00017796932564427456
60,10,44,first__middle,0.0006397587247192859,-0.000808481538357834,0.0017245834072430928
60,10,55,first__middle,2.3782610272367797e-05,3.8423497850696245e-06,5.0032845077415304e-05
60,11,11,first__middle,0.0005244243734826644,0.0008836110394137601,-0.00036456698241333165
60,11,22,first__middle,-0.000366480202258875,-4.5139909101029234e-05,-0.0003425599657930434
60,11,33,first__middle,0.00029376334277912973,-4.660648216182987e-05,0.0002722699001121024
60,11,44,first__middle,-0.0007080752247323592,-0.0002312269915516178,-0.00042938273400068284
60,11,55,first__middle,8.70699256968995e-05,9.401633481805523e-05,-8.94110028942426e-06
60,12,11,first__middle,-0.004299937014002353,-0.0022368274823141594,-0.001930075647154202
60,12,22,first__middle,0.0003083179394404093,0.0003084014053456485,-0.0001226857731429239
60,12,33,first__middle,0.0004888688252928356,0.00037026864398891725,0.00013416477789481482
60,12,44,first__middle,9.380536697184046e-05,2.2710952907800675e-05,5.158983403816819e-05
60,12,55,first__middle,0.00017517544329166413,9.466264164075256e-05,4.464335118730863e-05
60,13,11,first__middle,-0.0001999545415552954,-0.0020968923966089886,0.001919388941799601
60,13,22,first__middle,0.0003905487013980746,0.00019676767600079376,0.00020049808857341606
60,13,33,first__middle,0.00019867680578803022,-0.0001879447877096633,0.0003781999616573254
60,13,44,first__middle,6.385692783320944e-05,-0.00012702415697276592,0.00019363416358828545
60,13,55,first__middle,5.2282998027900854e-05,3.2626142880568904e-05,1.8651026766747237e-05
60,14,11,first__middle,0.002880585864962389,0.001513275282923132,0.0016015388149147232
60,14,22,first__middle,0.00017876923084259033,0.00012242652786274751,5.6540321869154773e-05
60,14,33,first__middle,-0.00038874096159512795,-0.001035927402942131,0.0004917484863350788
60,14,44,first__middle,-9.098358762760957e-05,0.00011304546302805344,-0.00015864020291094977
60,14,55,first__middle,7.29929228934149e-05,6.337843369692564e-05,9.571221501876911e-06
60,15,11,first__middle,0.0015887876933751007,0.0015917378710582851,-2.5638080357263484e-05
60,15,22,first__middle,0.00021115459967404603,0.0003036729758605361,-5.275103030726314e-05
60,15,33,first__middle,-0.0004356479194636146,-0.0005548214578690628,0.00012066359243666133
60,15,44,first__middle,-0.00013414429655919473,-0.00031395634869113564,0.00012450010981410742
60,15,55,first__middle,8.189101160193483e-05,8.496663455540936e-05,-1.5411991626024245e-06
60,0,11,maximum__first,0.18457826303395752,-0.019551787451685718,0.3130290606369575
60,0,22,maximum__first,0.08920251107386624,0.006014817188649128,0.01750852947200959
60,0,33,maximum__first,-0.04373389775088678,0.03315604645758867,0.0028906157744737963
60,0,44,maximum__first,-0.10996310190530494,-0.06813990842395773,0.0028847725285838046
60,0,55,maximum__first,0.3037768476177007,0.024075918504968284,0.09970808385017639
60,1,11,maximum__first,-0.09057446835407366,-0.009832741921612372,-0.22744044872621696
60,1,22,maximum__first,-0.15127147849028308,0.07449662021438902,-0.09460617032600567
60,1,33,maximum__first,2.0825600770224506,0.022126705544845512,2.4988659815785166
60,1,44,maximum__first,-0.04768517285507793,-0.058984550468934076,0.06428114982554689
60,1,55,maximum__first,1.8451094602312272,0.020254848594777285,2.3063660862739197
60,2,11,maximum__first,-0.13252658910350873,0.006658007782728722,-0.11780052098135153
60,2,22,maximum__first,0.17203568774275482,0.042884827750579765,0.10224477781836565
60,2,33,maximum__first,0.057009110879153016,0.019078978737040113,0.05450109790156906
60,2,44,maximum__first,1.9142697456797275,-0.029347801716842998,2.3093141986988486
60,2,55,maximum__first,-0.04506687112152576,-0.010046847641933709,-0.02361216643669953
60,3,11,maximum__first,-0.5211760231526569,0.01321307042768846,-0.5747790206689387
60,3,22,maximum__first,0.1561479061259888,0.09934146580829596,0.08692897154639165
60,3,33,maximum__first,-0.6602899470366538,0.002381350010788689,-1.0983416778617539
60,3,44,maximum__first,0.011603600578382611,-0.008849910941595833,0.021189032475619266
60,3,55,maximum__first,-0.04430359558124716,-0.020360184305657943,-0.04067727600146706
60,4,11,maximum__first,-0.02152531745377928,-0.026817957575743397,-0.008537796011660248
60,4,22,maximum__first,0.058864829262408117,0.020437454474934686,0.03792195375620698
60,4,33,maximum__first,-0.11089649360704547,0.004654572329794367,-0.11768435162957758
60,4,44,maximum__first,0.0010968320265722772,-0.01736051243109008,0.05679747799489026
60,4,55,maximum__first,-0.013975496407753477,-0.01324045864554743,-0.006917441399612774
60,5,11,maximum__first,-1.5425733845486926,0.02774511881095047,-1.4419277570908888
60,5,22,maximum__first,0.334684502108333,-0.009646743454504758,0.2663422514800914
60,5,33,maximum__first,0.026635690328354635,-8.629672229290008e-05,0.02041402889493232
60,5,44,maximum__first,-0.011221105756703764,-0.0081835361624447,-0.008877903999139866
60,5,55,maximum__first,-0.03867552319231133,-0.010883636931733538,-0.024350109789520503
60,6,11,maximum__first,0.033893924788571894,0.009806064081688722,0.033633783599361776
60,6,22,maximum__first,0.02155649943742901,-0.009762015496380626,0.040703288873191926
60,6,33,maximum__first,-0.004820683796424419,-0.0012617259325149158,0.0018132531782612204
60,6,44,maximum__first,0.036357308291674904,-0.004010323757150521,0.03944119633718704
60,6,55,maximum__first,-0.019762916932813825,-0.00930920171085745,-0.014595800133732458
60,7,11,maximum__first,0.0741792410883742,0.005283912003505975,0.07370481450731556
60,7,22,maximum__first,0.06270892478448029,-0.004206199971182893,0.07888885056211924
60,7,33,maximum__first,0.0016658881329931318,0.0005019391421228648,0.001575834055741628
60,7,44,maximum__first,-0.012546407547779382,0.0033996591654916605,-0.016964564841085425
60,7,55,maximum__first,-0.02351057417302703,-0.0017624373043266435,-0.018433729046955706
60,8,11,maximum__first,-0.03187942635656024,-0.009833341809765746,-0.025674453005194664
60,8,22,maximum__first,0.027212032943498343,0.013255836752553781,0.007460860162973404
60,8,33,maximum__first,0.0008967550316204627,0.0012599267298355698,-0.0001403999359657367
60,8,44,maximum__first,-0.008402167283929885,0.0004331790997336308,-0.007823040631289283
60,8,55,maximum__first,0.006078330334275961,-0.009772718193319936,0.00952706130919978
60,9,11,maximum__first,-0.004354191532668968,-0.004243613263436904,0.005865377288622161
60,9,22,maximum__first,0.005076558007082592,0.003800508026809742,-0.004131817860373606
60,9,33,maximum__first,0.006630789833919456,-0.0011508661361100774,0.009388067348239323
60,9,44,maximum__first,-0.004574712346463154,-0.009026068503347535,-0.0015666640363633632
60,9,55,maximum__first,0.00271188213955611,-0.012812361827430625,0.019675077684223653
60,10,11,maximum__first,0.019559605392472198,0.00592060018874084,0.014800453779753298
60,10,22,maximum__first,0.050052023104702435,0.016490905700872343,0.02420590369341274
60,10,33,maximum__first,0.006225959168902288,0.0006112732846910755,0.003250107984058559
60,10,44,maximum__first,-0.019310638770305862,-0.008849645879430075,-0.01091769546813642
60,10,55,maximum__first,0.009166247921530157,0.001586610625963658,0.004593722782252977
60,11,11,maximum__first,-0.005672515967550377,-0.003099803118190418,-0.0010131980020863314
60,11,22,maximum__first,-0.007614903807795296,-0.0022372178616933526,-0.005142155010253191
60,11,33,maximum__first,0.005985202667458603,0.003193276635526369,0.001960304263047874
60,11,44,maximum__first,0.015797347753929596,0.002394676604308188,0.011652133935907234
60,11,55,maximum__first,0.002186941805606087,0.0045002521132119,-0.004937467929751923
60,12,11,maximum__first,-0.0033856699320798118,-0.007448702751814077,0.004127621670098354
60,12,22,maximum__first,-0.0068696712143719195,-0.0011131632529820005,-0.004798626007201771
60,12,33,maximum__first,0.0013391472088793914,7.444781561692556e-05,0.0012399840091044704
60,12,44,maximum__first,-0.0010750723847498497,0.0009893877509360512,-0.0018480106489732861
60,12,55,maximum__first,-0.004188956541474909,0.0038199252099730074,-0.006716407497879118
60,13,11,maximum__first,-0.003844846431942036,0.0010354373487643897,-0.0056158779887482526
60,13,22,maximum__first,0.010194780378757666,0.009039482567459345,0.0017259283728587131
60,13,33,maximum__first,0.0020897995874596138,0.0013280267710797488,0.0006893739647542437
60,13,44,maximum__first,0.009489633612489948,0.0039792601834051314,0.004993574600666762
60,13,55,maximum__first,-0.011309282691217958,-0.014021091357183954,0.0031262376694940032
60,14,11,maximum__first,-0.009831954399123788,-0.006763690733350813,-0.0034876006422564386
60,14,22,maximum__first,0.007575708243530243,0.007709421570568035,2.813657435278098e-06
60,14,33,maximum__first,0.0016270131687633692,-4.837681772187352e-05,0.002238357497844845
60,14,44,maximum__first,-0.004781211404285083,-0.007781439026196798,0.0030838433381480475
60,14,55,maximum__first,-0.0015616924424345295,-0.008097723867588986,0.007602186442818492
60,15,11,maximum__first,0.0042775900258372225,-0.0047511448074753085,0.010482760522669802
60,15,22,maximum__first,0.007375569152645767,0.0061407910621104145,0.0013433688320219517
60,15,33,maximum__first,0.0005420832079835236,0.0013389531251353523,-0.0007519205178444584
60,15,44,maximum__first,0.017318531374136605,0.0010719818800377348,0.016257815028075127
60,15,55,maximum__first,-0.006577883218415082,0.002919297176413238,-0.010605318301046888
60,0,11,maximum__last,0.24779101997846736,-0.02055402813712135,0.3190027709701099
60,0,22,maximum__last,0.05952488362478713,0.008275166402260463,-0.010966297281750787
60,0,33,maximum__last,0.017527170130051672,0.0312693293322809,-0.014614271679117033
60,0,44,maximum__last,-2.273260705685243,-0.03906177649041638,-2.3826782518570933
60,0,55,maximum__last,0.3072590967989527,0.023862075751336913,0.10049089813837782
60,1,11,maximum__last,-0.017726335577511538,0.002786520224375029,-0.017318077362142505
60,1,22,maximum__last,0.3363644625642337,0.06762865425941224,0.20276733900342758
60,1,33,maximum__last,2.0019122654222885,0.011936814337968827,2.4882958135761633
60,1,44,maximum__last,0.0418838292437916,0.005902046834429105,0.06470019761860991
60,1,55,maximum__last,1.79878706720192,0.019453087903093545,2.3019963680611304
60,2,11,maximum__last,-0.24586895280129586,0.012112725134162854,-0.29103529253043237
60,2,22,maximum__last,0.1004721192875877,0.03613661083315189,0.056175396890224265
60,2,33,maximum__last,0.016564417141489686,0.012782431587887307,0.0658843310821491
60,2,44,maximum__last,1.9053727399324998,-0.02917524801644807,2.2892272042304587
60,2,55,maximum__last,-0.012993402612240364,-0.010141476247614871,-0.008574601352059593
60,3,11,maximum__last,0.023908005616006752,0.011453000646239768,0.021676571220935633
60,3,22,maximum__last,-0.4387005425756797,0.10158744893657665,-0.537714277789928
60,3,33,maximum__last,-0.21037334823049605,-0.007796088342244426,-0.13322369875386358
60,3,44,maximum__last,0.006560490555906047,-0.008441504975780844,-0.014854566349337498
60,3,55,maximum__last,-0.0577360388240777,-0.020930043949435154,-0.042149110344083356
60,4,11,maximum__last,-0.16152174083981663,-0.0271071201035132,-0.17760215957338613
60,4,22,maximum__last,0.05948029247034962,0.022443972120527178,0.036579671300326785
60,4,33,maximum__last,0.005324220956147959,0.0049117357819341125,-0.011398570111487061
60,4,44,maximum__last,0.003303178101001928,-0.016970022954046725,0.05764610201586038
60,4,55,maximum__last,-0.014658308762591332,-0.013532783440314233,-0.007390754634980112
60,5,11,maximum__last,0.763615297281649,0.029495311916495362,0.8455411372706294
60,5,22,maximum__last,0.334607798124974,-0.011570079275406897,0.26645148942867913
60,5,33,maximum__last,0.020384101755917074,-0.0003379575946989159,0.017051936697680504
60,5,44,maximum__last,-0.013130842909837763,-0.007690693410889556,-0.012996625539381057
60,5,55,maximum__last,-0.03881459643210595,-0.010913358015629152,-0.02451259894296527
60,6,11,maximum__last,0.042284920629269133,0.009606381067230055,0.043206812918651846
60,6,22,maximum__last,0.026355923510467012,-0.00843807253598546,0.03620674142536397
60,6,33,maximum__last,0.01975640937453136,-0.0015754902230886122,0.026381516188848764
60,6,44,maximum__last,0.0364112887570324,-0.004421228205319494,0.039910855000683414
60,6,55,maximum__last,-0.01968105382596453,-0.009452849603258073,-0.01420267396994556
60,7,11,maximum__last,0.06871531159073735,0.005544636414075891,0.06878825194435194
60,7,22,maximum__last,0.06074124187774335,-0.004253742498500894,0.0769758376874961
60,7,33,maximum__last,0.0015135176635036865,1.8161640036851166e-05,0.0018262079334817826
60,7,44,maximum__last,-0.01133392834259818,0.002874799926454822,-0.01471181376837194
60,7,55,maximum__last,-0.02342913850831489,-0.0017919061278613905,-0.0184027343057096
60,8,11,maximum__last,-0.032513312813049804,-0.010664971871301531,-0.02538040738242368
60,8,22,maximum__last,0.029105011889866243,0.01249727038666606,0.009692311224838098
60,8,33,maximum__last,0.0011514365556649863,0.00043958296300843357,0.000520944424594442
60,8,44,maximum__last,-0.007867556853064646,0.00020860669901594519,-0.007257727378358444
60,8,55,maximum__last,0.005702995613683015,-0.009786441538017243,0.009196064989858617
60,9,11,maximum__last,-0.012747342830213408,-0.0044148483119594555,-0.0015296581007229785
60,9,22,maximum__last,0.005721879797056318,0.003929758661737045,-0.0035796117542001107
60,9,33,maximum__last,0.006989417745110889,-0.0013237975149725874,0.009881484671495855
60,9,44,maximum__last,-0.004207622232691695,-0.00864799558185041,-0.001544537542698284
60,9,55,maximum__last,0.002127814607229084,-0.012852680683135987,0.019172429537866263
60,10,11,maximum__last,0.01735794689351072,0.004995352250989527,0.013377767098912348
60,10,22,maximum__last,0.05007059805017586,0.01291351798766603,0.026417338203949235
60,10,33,maximum__last,0.005491749391270181,0.00034239457066481314,0.0028786591448200245
60,10,44,maximum__last,-0.0182427679731821,-0.009186760169298699,-0.009272847394458949
60,10,55,maximum__last,0.008976373712842663,0.0014713634892056385,0.004572355118580162
60,11,11,maximum__last,-0.006579044996760786,-0.003004066397746404,-0.0019125433211835722
60,11,22,maximum__last,-0.006209280753197769,-0.004017256301206847,-0.0028252985212020576
60,11,33,maximum__last,0.005960939599511524,0.00276876053151985,0.0022760347036334377
60,11,44,maximum__last,0.014994227156663934,0.0022505072333539526,0.011085605438953887
60,11,55,maximum__last,0.0021415069660482306,0.004448120843153447,-0.00492363009446611
60,12,11,maximum__last,-0.0047207956435158845,-0.00843667312292382,0.0037237339148608346
60,12,22,maximum__last,-0.006353907814870278,-0.0019432058286232253,-0.0037213359765398005
60,12,33,maximum__last,0.0007971937690551082,-0.00027695730095729233,0.0010839305507640044
60,12,44,maximum__last,-0.0011284099697756271,0.0007997105829417705,-0.0017399325384758412
60,12,55,maximum__last,-0.004204442612050722,0.0037461208063177764,-0.006669306161347777
60,13,11,maximum__last,-0.004427653034993758,0.0003809048173328241,-0.005419185156157861
60,13,22,maximum__last,0.008073708787560464,0.006549153930973261,0.0018983027005257706
60,13,33,maximum__last,0.001716016543408235,0.0009469830547459424,0.0007239091481703023
60,13,44,maximum__last,0.009633941707822185,0.0038818713976070283,0.005248315283097327
60,13,55,maximum__last,-0.011386924240893374,-0.014009539794642478,0.0030371691255519787
60,14,11,maximum__last,-0.008930075902026147,-0.006097464465225736,-0.0033256891765631735
60,14,22,maximum__last,0.005413032711173097,0.00573064989876002,-0.00011264685308560729
60,14,33,maximum__last,0.001232977587884913,-0.0005095310237569114,0.002243364012489716
60,14,44,maximum__last,-0.004681375153207531,-0.007553159969393164,0.0029858625843189658
60,14,55,maximum__last,-0.001625082114090522,-0.008128184406086803,0.0075722608986931545
60,15,11,maximum__last,0.00479295845143497,-0.0041926608808959525,0.01032111516688019
60,15,22,maximum__last,0.006795374335100254,0.005524731264449656,0.0013343633074934284
60,15,33,maximum__last,0.0001650968372511367,0.0011360735981725157,-0.0009073134860955179
60,15,44,maximum__last,0.017211936588864774,0.0009187662779974441,0.016304431234796843
60,15,55,maximum__last,-0.006675122441568722,0.0028797791455872357,-0.010654300839329759
60,0,11,maximum__middle,0.2534921507506321,-0.026170557993464173,0.3201649776698711
60,0,22,maximum__middle,-0.036645293961434316,0.006608840512732665,-0.003857171395793557
60,0,33,maximum__middle,0.08408171212455878,0.03407265516386057,0.028326415678020567
60,0,44,maximum__middle,-1.6135469951162424,-0.03928232689310486,-1.180205441165405
60,0,55,maximum__middle,0.30525692759935436,0.025062791952708115,0.0986411920050159
60,1,11,maximum__middle,-0.7361637339849646,-0.009839200899781039,-0.293191886988158
60,1,22,maximum__middle,0.33340650517105436,0.07400855035133039,0.19961078602354973
60,1,33,maximum__middle,2.081550266686827,0.023699403713302068,2.497735528620736
60,1,44,maximum__middle,0.005831999754688392,0.006842599382313589,0.06067338843519489
60,1,55,maximum__middle,1.870785325470691,0.020335128740407528,2.329795977729373
60,2,11,maximum__middle,-0.23766933800652623,0.010166641670123985,-0.1368691767488296
60,2,22,maximum__middle,-0.4451046725385822,0.04283743552708377,-0.38408357358227174
60,2,33,maximum__middle,0.045033404937324426,0.019337737754297753,0.0513780532986857
60,2,44,maximum__middle,1.9146954663291884,-0.031214861501939594,2.3103835260301517
60,2,55,maximum__middle,-0.05933424999238923,-0.010042620562793066,-0.02360234964483728
60,3,11,maximum__middle,-0.13940924956696107,0.005977702393041303,-0.12942720114951953
60,3,22,maximum__middle,-0.041700059016390394,0.09935521454317495,0.02186439830887442
60,3,33,maximum__middle,-1.6814119075230944,0.0005000331245052317,-1.5029823836754077
60,3,44,maximum__middle,0.010868496195568393,-0.00841026136962076,0.015131570406568547
60,3,55,maximum__middle,-0.044131849170662464,-0.02041205404869591,-0.04041370730459069
60,4,11,maximum__middle,-0.029242626624181867,-0.025610058510210365,-0.021690111479256303
60,4,22,maximum__middle,0.057204711336332065,0.02057903012027964,0.03621088159658636
60,4,33,maximum__middle,-0.03127953831960137,0.00516373838763684,-0.044798937001420805
60,4,44,maximum__middle,0.0022406606275277834,-0.01794576287890474,0.05872097628113503
60,4,55,maximum__middle,-0.01344772798086827,-0.013197861801988136,-0.006323039659764618
60,5,11,maximum__middle,0.7832259358411344,0.03246684614568949,0.8610569931062249
60,5,22,maximum__middle,0.3312090306698034,-0.009514693225113054,0.26119642294555284
60,5,33,maximum__middle,0.025163877638988197,-0.0006408999906852841,0.01970635006437078
60,5,44,maximum__middle,-0.017583355164000145,-0.007636455159323911,-0.01582495231026163
60,5,55,maximum__middle,-0.03842269673865909,-0.010755457003445676,-0.024270642444025724
60,6,11,maximum__middle,0.03671977517272656,0.008011142436104516,0.03959134241643672
60,6,22,maximum__middle,0.02668098803454389,-0.009688530505324403,0.03908327501655246
60,6,33,maximum__middle,0.026957605177691826,-0.0024562826108497876,0.030983615208727618
60,6,44,maximum__middle,0.0372237128787674,-0.00434722473534445,0.040601723474295186
60,6,55,maximum__middle,-0.019461591087747365,-0.009301415015943348,-0.014222086927232643
60,7,11,maximum__middle,0.07050908295980965,0.005717854927449177,0.0696101632163239
60,7,22,maximum__middle,0.063725637885121,-0.003960096964146942,0.07966823752503842
60,7,33,maximum__middle,0.0016897334872434536,0.001351536449510604,0.0010351101984269917
60,7,44,maximum__middle,-0.011055202754990508,0.0026520928406777483,-0.014388635758465777
60,7,55,maximum__middle,-0.023216302630801995,-0.0016589165820429723,-0.018331786982404688
60,8,11,maximum__middle,-0.025446730207962294,-0.006955538849191119,-0.020557709282729774
60,8,22,maximum__middle,0.022347744088619947,0.013294326153118163,0.0006071209286650022
60,8,33,maximum__middle,0.001381519176842024,0.0015599845132480065,1.4429640335341295e-05
60,8,44,maximum__middle,-0.008184402467062075,0.0003568406294410427,-0.007816300285048783
60,8,55,maximum__middle,0.0063775106488416595,-0.009752891193299244,0.00981872355332598
60,9,11,maximum__middle,-0.016909080328575025,-0.003806949538799624,-0.007944098060640196
60,9,22,maximum__middle,0.005216256649388621,0.0036971452335516613,-0.003896804410032928
60,9,33,maximum__middle,0.00874290500069037,-0.001144977519288659,0.011410954097906748
60,9,44,maximum__middle,-0.003828877559863031,-0.008400240660800288,-0.0014410462036418418
60,9,55,maximum__middle,0.002517168557581802,-0.012764225989424933,0.019407401579276968
60,10,11,maximum__middle,0.018392208761846027,0.0027755358489230273,0.016258568258490414
60,10,22,maximum__middle,0.051030241907574235,0.016601981168302398,0.024744030782797685
60,10,33,maximum__middle,0.0071715111650216086,0.0014336843159981072,0.0034280773097028336
60,10,44,maximum__middle,-0.018670880045586577,-0.00965812741778791,-0.009193112060893327
60,10,55,maximum__middle,0.009190030531802526,0.0015904529757487277,0.004643755627330393
60,11,11,maximum__middle,-0.005148091594067713,-0.0022161920787766576,-0.001377764984499663
60,11,22,maximum__middle,-0.00798138401005417,-0.0022823577707943815,-0.005484714976046234
60,11,33,maximum__middle,0.006278966010237734,0.0031466701533645392,0.0022325741631599766
60,11,44,maximum__middle,0.015089272529197235,0.0021634496127565703,0.011222751201906552
60,11,55,maximum__middle,0.0022740117313029867,0.0045942684480299555,-0.004946409030041347
60,12,11,maximum__middle,-0.007685606946082165,-0.009685530234128237,0.0021975460229441525
60,12,22,maximum__middle,-0.0065613532749315105,-0.000804761847636352,-0.0049213117803446945
60,12,33,maximum__middle,0.001828016034172227,0.0004447164596058428,0.0013741487869992851
60,12,44,maximum__middle,-0.0009812670177780092,0.0010120987038438518,-0.001796420814935118
60,12,55,maximum__middle,-0.004013781098183245,0.00391458785161376,-0.006671764146691809
60,13,11,maximum__middle,-0.004044800973497331,-0.0010614550478445987,-0.0036964890469486514
60,13,22,maximum__middle,0.01058532908015574,0.009236250243460139,0.0019264264614321292
60,13,33,maximum__middle,0.0022884763932476443,0.0011400819833700855,0.001067573926411569
60,13,44,maximum__middle,0.009553490540323157,0.003852236026432365,0.005187208764255047
60,13,55,maximum__middle,-0.011256999693190058,-0.013988465214303384,0.00314488869626075
60,14,11,maximum__middle,-0.006951368534161399,-0.005250415450427681,-0.0018860618273417154
60,14,22,maximum__middle,0.007754477474372834,0.007831848098430783,5.935397930443287e-05
60,14,33,maximum__middle,0.0012382722071682414,-0.0010843042206640046,0.002730105984179924
60,14,44,maximum__middle,-0.0048721949919126924,-0.007668393563168744,0.002925203135237098
60,14,55,maximum__middle,-0.0014886995195411146,-0.008034345433892061,0.00761175766432037
60,15,11,maximum__middle,0.005866377719212323,-0.0031594069364170234,0.010457122442312538
60,15,22,maximum__middle,0.007586723752319812,0.006444464037970951,0.0012906178017146885
60,15,33,maximum__middle,0.00010643528851990898,0.0007841316672662894,-0.0006312569254077971
60,15,44,maximum__middle,0.017184387077577412,0.0007580255313465993,0.016382315137889236
60,15,55,maximum__middle,-0.006495992206813146,0.0030042638109686473,-0.01060685950020949
60,0,11,maximum__minimum,0.26222906418843195,-0.02982637791428715,0.342829916261447
60,0,22,maximum__minimum,0.0008324657450430095,-0.036754667669689906,-0.009863532877837618
60,0,33,maximum__minimum,-0.009957241755910218,-0.0726658236895067,-0.009405105584301054
60,0,44,maximum__minimum,-0.6270011695257077,-0.0520927682130908,-0.46998954510393864
60,0,55,maximum__minimum,0.21905172490126765,0.027315111846352616,0.0076235579559579495
60,1,11,maximum__minimum,-0.11925855006945009,-0.0063712371746078135,-0.048131639902324726
60,1,22,maximum__minimum,-0.17449338608033335,0.08115521353514245,-0.6053117743770903
60,1,33,maximum__minimum,1.471120806337179,-0.045254577397524066,2.074415201957648
60,1,44,maximum__minimum,-0.021689428385191906,0.02147259033129861,-0.006619107385631651
60,1,55,maximum__minimum,1.401896879305908,0.028937524626962842,1.9131475541585437
60,2,11,maximum__minimum,-0.0874691135638083,-0.013954386666106681,-0.13554189948287482
60,2,22,maximum__minimum,0.1996589845395647,0.04671572562850391,0.1211641316030485
60,2,33,maximum__minimum,-0.005512724991422147,-0.009791538522889217,0.04968064398271963
60,2,44,maximum__minimum,0.8667131575522944,-0.07713868848901863,1.3404210735228843
60,2,55,maximum__minimum,-0.22624384691783536,-0.012060543320452173,-0.1739487730160666
60,3,11,maximum__minimum,-0.9016119549050927,-0.004829793535949042,-0.9563802769679266
60,3,22,maximum__minimum,0.18249933917153005,0.11014379000213619,0.12150337275816128
60,3,33,maximum__minimum,-0.11758033647201956,0.04888511765748262,-0.1390142570133321
60,3,44,maximum__minimum,-0.14756413643093158,-0.0362316053865167,-0.0940387455940557
60,3,55,maximum__minimum,-0.05362804471515119,0.003187133825849742,-0.09045697511561836
60,4,11,maximum__minimum,-0.2869455514359288,-0.03627120911454161,-0.2754654261477602
60,4,22,maximum__minimum,0.05901296103838831,-0.000370869308244437,0.02070707849149282
60,4,33,maximum__minimum,-0.24170827366954958,-0.0008944860155073304,-0.2291916578503636
60,4,44,maximum__minimum,-0.09974723542497183,-0.035338311110778405,-0.026232203596737235
60,4,55,maximum__minimum,-0.06093392145897572,-0.0051958348058785,-0.05939836638281122
60,5,11,maximum__minimum,0.6313590458904703,0.041161551198456436,0.7615072376754445
60,5,22,maximum__minimum,0.3399752614398797,-0.01830056110629812,0.28959033868353196
60,5,33,maximum__minimum,0.07849575269113605,0.016510096083705624,0.06119667385549595
60,5,44,maximum__minimum,-0.09632338265267511,-0.09922504246157283,-0.01674920164514333
60,5,55,maximum__minimum,-0.1143366554674382,0.00989233609676982,-0.1647646489669569
60,6,11,maximum__minimum,0.028413572954013942,0.02271333266980946,0.00492290425269554
60,6,22,maximum__minimum,0.061368958970221384,0.004036372026894242,0.05407188290264457
60,6,33,maximum__minimum,-0.019942650579226513,-0.018035548781820884,0.0029861732696493466
60,6,44,maximum__minimum,-0.12428425630787387,0.0038575577666051684,-0.1406716915817621
60,6,55,maximum__minimum,0.010364715983935941,0.005063178654139241,0.011582675758594027
60,7,11,maximum__minimum,0.05188340219901875,-0.009956755590004225,0.06422500633634627
60,7,22,maximum__minimum,0.06684175984701142,-0.0011834004738678534,0.07660017724071319
60,7,33,maximum__minimum,-0.024869356498432655,-0.012107083892139296,-0.0067473436666963
60,7,44,maximum__minimum,0.018524990894366055,-0.021816995576955378,0.02088791079974423
60,7,55,maximum__minimum,-0.02260162103921175,0.003194498654920608,-0.021095078679112096
60,8,11,maximum__minimum,-0.004109936669313659,0.006321398999231557,-0.012889504669389377
60,8,22,maximum__minimum,0.03188270457709829,0.02656089044176042,0.0006749763580349584
60,8,33,maximum__minimum,-0.004243341631566485,0.00680174397615095,-0.009926054545212537
60,8,44,maximum__minimum,0.018771087638257692,0.015991642454173415,0.008523893158417195
60,8,55,maximum__minimum,0.03726314464972044,-0.006417124225602796,0.04024332019034773
60,9,11,maximum__minimum,5.5878721953680116e-05,0.014498624279318998,-0.005491206872587403
60,9,22,maximum__minimum,-0.014511877154776205,0.014598630624823273,-0.030949932786946497
60,9,33,maximum__minimum,0.011029232817236334,4.823956405743957e-05,0.010149174583299706
60,9,44,maximum__minimum,0.008552538506531466,0.004113962633224825,-0.001583782552431027
60,9,55,maximum__minimum,-0.02108026756128917,-0.016514592311189822,-0.006233623522954683
60,10,11,maximum__minimum,0.01760367676615715,0.021956349983035275,-0.0042959123539427916
60,10,22,maximum__minimum,0.059201866857862724,0.028498814317087333,0.020863454788923264
60,10,33,maximum__minimum,-0.0012962494782793024,-0.006127658820090195,0.003935672199198355
60,10,44,maximum__minimum,0.000629445103307565,0.003118762249747912,-0.0019212517150056859
60,10,55,maximum__minimum,-0.005058740184176713,-0.018362913571763784,0.00678929997375235
60,11,11,maximum__minimum,-0.004123642776782314,0.006338755018077791,-0.007412669345891724
60,11,22,maximum__minimum,-0.009991149546112865,-0.0006472285487689078,-0.010061238554771989
60,11,33,maximum__minimum,0.024461802533672503,0.01287279681224997,0.010540157168482741
60,11,44,maximum__minimum,-0.033146073746805386,-0.01823286993894726,-0.014004031638614833
60,11,55,maximum__minimum,0.024710505009473614,-0.004011149890720845,0.022254121284155794
60,12,11,maximum__minimum,-0.006436566554475576,-0.005339172288465003,-0.0014246088258611659
60,12,22,maximum__minimum,0.003763519817342361,0.0034318751267467936,0.0009486391403091451
60,12,33,maximum__minimum,-0.00511775464983657,-0.004644646709008763,-3.964030571902792e-05
60,12,44,maximum__minimum,0.014609117266566803,-0.0018939787327932815,0.017633841761077445
60,12,55,maximum__minimum,-0.03582762671867386,-0.015413348799726615,-0.0156462821449774
60,13,11,maximum__minimum,-0.02019242907408625,-0.001992117613554001,-0.02105117877557253
60,13,22,maximum__minimum,0.010726504889316858,0.010352173505816608,0.0002608412915530304
60,13,33,maximum__minimum,0.01143445745498563,0.005588282373112937,0.006042238786661377
60,13,44,maximum__minimum,0.008771000065219898,-0.0006411415253144999,0.00977382268756628
60,13,55,maximum__minimum,-0.02113028052651013,-0.020433525120218596,-0.000233256199862808
60,14,11,maximum__minimum,-0.01754333593028908,-0.0146459361189045,-0.003806969461341699
60,14,22,maximum__minimum,0.015163117092257986,0.014096561931849768,0.002244297609043618
60,14,33,maximum__minimum,-0.0007774582986409466,-0.005254591341751317,0.005191202403511852
60,14,44,maximum__minimum,0.004071165873513868,0.0028266606735996903,0.001679711218457669
60,14,55,maximum__minimum,-0.009557469631545246,-0.019313707804152123,0.010819697321858257
60,15,11,maximum__minimum,-0.002197708049789071,-0.00782117915417378,0.007106247229967266
60,15,22,maximum__minimum,0.018074050122716775,0.014879160502459854,0.0026531415176577868
60,15,33,maximum__minimum,0.0012852542956049244,0.005546991895729055,-0.004394482666005691
60,15,44,maximum__minimum,0.01118046697617198,-0.0042870043544098735,0.01521590972552076
60,15,55,maximum__minimum,-0.005577899476823707,0.0025678161104830603,-0.008739132860985896
60,0,11,middle__last,-0.005701130772164712,0.0056165298563428225,-0.0011622066997612516
60,0,22,middle__last,0.09617017758622144,0.0016663258895277977,-0.007109125885957231
60,0,33,middle__last,-0.06655454199450711,-0.0028033258315796655,-0.0429406873571376
60,0,44,middle__last,-0.6597137105690005,0.0002205504026884834,-1.2024728106916882
60,0,55,middle__last,0.002002169199598332,-0.0012007162013712028,0.0018497061333619057
60,1,11,middle__last,0.718437398407453,0.012625721124156069,0.27587380962601554
60,1,22,middle__last,0.0029579573931793374,-0.0063798960919181505,0.0031565529798778394
60,1,33,middle__last,-0.07963800126453861,-0.011762589375333239,-0.009439715044572949
60,1,44,middle__last,0.03605182948910321,-0.0009405525478844841,0.0040268091834150255
60,1,55,middle__last,-0.07199825826877107,-0.0008820408373139798,-0.027799609668242433
60,2,11,middle__last,-0.008199614794769635,0.0019460834640388687,-0.15416611578160275
60,2,22,middle__last,0.5455767918261699,-0.006700824693931888,0.440258970472496
60,2,33,middle__last,-0.02846898779583474,-0.0065553061664104465,0.014506277783463398
60,2,44,middle__last,-0.00932272639668857,0.002039613485491524,-0.02115632179969301
60,2,55,middle__last,0.04634084738014887,-9.885568482180437e-05,0.015027748292777688
60,3,11,middle__last,0.16331725518296783,0.005475298253198465,0.15110377237045516
60,3,22,middle__last,-0.39700048355928935,0.0022322343934016923,-0.5595786760988024
60,3,33,middle__last,1.4710385592925983,-0.008296121466749658,1.369758684921544
60,3,44,middle__last,-0.004308005639662345,-3.1243606160084406e-05,-0.029986136755906046
60,3,55,middle__last,-0.013604189653415233,-0.0005179899007392426,-0.0017354030394926667
60,4,11,middle__last,-0.13227911421563476,-0.001497061593302836,-0.1559120480941298
60,4,22,middle__last,0.002275581134017557,0.0018649420002475382,0.00036878970374042787
60,4,33,middle__last,0.036603759275749326,-0.000252002605702728,0.033400366889933746
60,4,44,middle__last,0.001062517473474145,0.0009757399248580138,-0.0010748742652746538
60,4,55,middle__last,-0.001210580781723062,-0.00033492163832609854,-0.0010677149752154947
60,5,11,middle__last,-0.019610638559485475,-0.0029715342291941247,-0.015515855835595478
60,5,22,middle__last,0.003398767455170552,-0.002055386050293843,0.005255066483126332
60,5,33,middle__last,-0.004779775883071125,0.00030294239598636826,-0.002654413366690278
60,5,44,middle__last,0.004452512254162381,-5.423825156564514e-05,0.00282832677088057
60,5,55,middle__last,-0.00039189969344685476,-0.00015790101218347748,-0.00024195649893954396
60,6,11,middle__last,0.005565145456542572,0.0015952386311255395,0.003615470502215127
60,6,22,middle__last,-0.000325064524076879,0.0012504579693389435,-0.0028765335911884902
60,6,33,middle__last,-0.007201195803160468,0.0008807923877611756,-0.004602099019878855
60,6,44,middle__last,-0.0008124241217349966,-7.400346997504433e-05,-0.0006908684736117721
60,6,55,middle__last,-0.00021946273821716507,-0.00015143458731472492,1.941295728708307e-05
60,7,11,middle__last,-0.001793771369072298,-0.00017321851337328553,-0.0008219112719719608
60,7,22,middle__last,-0.0029843960073776543,-0.0002936455343539516,-0.0026923998375423253
60,7,33,middle__last,-0.00017621582373976706,-0.001333374809473753,0.000791097735054791
60,7,44,middle__last,-0.00027872558760767184,0.0002227070857770741,-0.00032317800990616283
60,7,55,middle__last,-0.00021283587751289208,-0.00013298954581841826,-7.094732330491146e-05
60,8,11,middle__last,-0.007066582605087509,-0.0037094330221104127,-0.0048226980996939044
60,8,22,middle__last,0.006757267801246295,-0.0007970557664521039,0.009085190296173096
60,8,33,middle__last,-0.00023008262117703757,-0.001120401550239573,0.0005065147842591007
60,8,44,middle__last,0.0003168456139974296,-0.00014823393042509754,0.0005585729066903393
60,8,55,middle__last,-0.0006745150351586441,-3.35503447179993e-05,-0.0006226585634673635
60,9,11,middle__last,0.004161737498361617,-0.0006078987731598318,0.006414439959917218
60,9,22,middle__last,0.0005056231476676961,0.00023261342818538348,0.00031719265583281714
60,9,33,middle__last,-0.0017534872555794816,-0.00017881999568392833,-0.0015294694264108937
60,9,44,middle__last,-0.0003787446728286644,-0.0002477549210501214,-0.00010349133905644219
60,9,55,middle__last,-0.00038935395035271845,-8.845469371105234e-05,-0.00023497204141070444
60,10,11,middle__last,-0.0010342618683353067,0.002219816402066499,-0.0028808011595780653
60,10,22,middle__last,-0.0009596438573983809,-0.003688463180636366,0.0016733074211515487
60,10,33,middle__last,-0.0016797617737514278,-0.001091289745333294,-0.0005494181648828089
60,10,44,middle__last,0.00042811207240447404,0.000471367248489211,-7.973533356562257e-05
60,10,55,middle__last,-0.000213656818959862,-0.00011908948654308915,-7.140050875023007e-05
60,11,11,middle__last,-0.001430953402693073,-0.0007878743189697464,-0.0005347783366839091
60,11,22,middle__last,0.0017721032568564017,-0.0017348985304124654,0.0026594164548441766
60,11,33,middle__last,-0.0003180264107262095,-0.000377909621844689,4.346054047346115e-05
60,11,44,middle__last,-9.504537253330151e-05,8.705762059738239e-05,-0.00013714576295266548
60,11,55,middle__last,-0.0001325047652547558,-0.00014614760487650832,2.277893557523688e-05
60,12,11,middle__last,0.00296481130256628,0.0012488571112044156,0.0015261878919166823
60,12,22,middle__last,0.00020744546006123225,-0.0011384439809868734,0.0011999758038048942
60,12,33,middle__last,-0.0010308222651171188,-0.0007216737605631352,-0.0002902182362352808
60,12,44,middle__last,-0.00014714295199761787,-0.00021238812090208133,5.6488276459276673e-05
60,12,55,middle__last,-0.00019066151386747758,-0.00016846704529598354,2.4579853440324467e-06
60,13,11,middle__last,-0.00038285206149642664,0.0014423598651774228,-0.0017226961092092097
60,13,22,middle__last,-0.0025116202925952774,-0.002687096312486877,-2.812376090635856e-05
60,13,33,middle__last,-0.0005724598498394092,-0.0001930989286241432,-0.0003436647782412668
60,13,44,middle__last,8.045116749902567e-05,2.9635371174663305e-05,6.110651884227991e-05
60,13,55,middle__last,-0.00012992454770331582,-2.1074580339094003e-05,-0.00010771957070877154
60,14,11,middle__last,-0.001978707367864748,-0.0008470490147980551,-0.0014396273492214581
60,14,22,middle__last,-0.0023414447631997367,-0.002101198199670762,-0.00017200083239004015
60,14,33,middle__last,-5.294619283328454e-06,0.0005747731969070932,-0.00048674197169020774
60,14,44,middle__last,0.0001908198387051622,0.00011523359377558033,6.0659449081867935e-05
60,14,55,middle__last,-0.00013638259454940756,-9.383897219474117e-05,-3.949676562721531e-05
60,15,11,middle__last,-0.0010734192677773536,-0.0010332539444789291,-0.00013600727543234826
60,15,22,middle__last,-0.0007913494172195594,-0.0009197327735212941,4.374550577873985e-05
60,15,33,middle__last,5.866154873122771e-05,0.0003519419309062262,-0.00027605656068772075
60,15,44,middle__last,2.7549511287361383e-05,0.0001607407466508448,-7.788390309239427e-05
60,15,55,middle__last,-0.00017913023475557566,-0.0001244846653814117,-4.744133912026882e-05
60,0,11,minimum__first,-0.07765080115447441,0.010274590462601433,-0.029800855624489486
60,0,22,minimum__first,0.08837004532882323,0.04276948485833903,0.027372062349847206
60,0,33,minimum__first,-0.03377665599497656,0.10582187014709538,0.012295721358774851
60,0,44,minimum__first,0.5170380676204028,-0.01604714021086693,0.4728743176325224
60,0,55,minimum__first,0.08472512271643305,-0.0032391933413843314,0.09208452589421844
60,1,11,minimum__first,0.02868408171537643,-0.0034615047470045587,-0.17930880882389222
60,1,22,minimum__first,0.02322190759005025,-0.0066585933207534255,0.5107056040510846
60,1,33,minimum__first,0.6114392706852717,0.06738128294236959,0.42445077962086847
60,1,44,minimum__first,-0.025995744469886024,-0.08045714080023268,0.07090025721117854
60,1,55,minimum__first,0.44321258092531934,-0.008682676032185555,0.3932185321153762
60,2,11,minimum__first,-0.04505747553970044,0.020612394448835402,0.017741378501523287
60,2,22,minimum__first,-0.02762329679680988,-0.003830897877924144,-0.01891935378468285
60,2,33,minimum__first,0.06252183587057517,0.02887051725992933,0.0048204539188494286
60,2,44,minimum__first,1.047556588127433,0.04779088677217563,0.968893125175964
60,2,55,minimum__first,0.18117697579630962,0.0020136956785184643,0.15033660657936707
60,3,11,minimum__first,0.38043593175243584,0.018042863963637502,0.38160125629898783
60,3,22,minimum__first,-0.02635143304554125,-0.010802324193840225,-0.03457440121176963
60,3,33,minimum__first,-0.5427096105646342,-0.046503767646693936,-0.9593274208484217
60,3,44,minimum__first,0.1591677370093142,0.02738169444492087,0.11522777806967496
60,3,55,minimum__first,0.00932444913390403,-0.023547318131507684,0.049779699114151296
60,4,11,minimum__first,0.26542023398214953,0.009453251538798214,0.26692763013609994
60,4,22,minimum__first,-0.0001481317759801944,0.020808323783179126,0.01721487526471416
60,4,33,minimum__first,0.1308117800625041,0.005549058345301698,0.11150730622078603
60,4,44,minimum__first,0.1008440674515441,0.017977798679688326,0.0830296815916275
60,4,55,minimum__first,0.04695842505122225,-0.008044623839668929,0.052480924983198445
60,5,11,minimum__first,-2.173932430439163,-0.013416432387505969,-2.2034349947663334
60,5,22,minimum__first,-0.005290759331546724,0.00865381765179336,-0.023248087203440567
60,5,33,minimum__first,-0.051860062362781414,-0.016596392805998523,-0.04078264496056363
60,5,44,minimum__first,0.08510227689597134,0.09104150629912813,0.007871297646003465
60,5,55,minimum__first,0.07566113227512687,-0.02077597302850336,0.14041453917743638
60,6,11,minimum__first,0.00548035183455795,-0.012907268588120739,0.028710879346666236
60,6,22,minimum__first,-0.03981245953279237,-0.013798387523274868,-0.013368594029452651
60,6,33,minimum__first,0.015121966782802095,0.016773822849305967,-0.0011729200913881263
60,6,44,minimum__first,0.1606415645995488,-0.00786788152375569,0.18011288791894914
60,6,55,minimum__first,-0.030127632916749764,-0.014372380364996691,-0.026178475892326483
60,7,11,minimum__first,0.02229583888935546,0.0152406675935102,0.009479808170969288
60,7,22,minimum__first,-0.0041328350625311336,-0.003022799497315039,0.0022886733214060465
60,7,33,minimum__first,0.02653524463142579,0.012609023034262161,0.008323177722437928
60,7,44,minimum__first,-0.03107139844214544,0.02521665474244704,-0.03785247564082965
60,7,55,minimum__first,-0.0009089531338152786,-0.004956935959247251,0.002661349632156392
60,8,11,minimum__first,-0.02776948968724658,-0.016154740808997304,-0.012784948335805287
60,8,22,minimum__first,-0.004670671633599947,-0.01330505368920664,0.006785883804938445
60,8,33,minimum__first,0.0051400966631869474,-0.00554181724631538,0.0097856546092468
60,8,44,minimum__first,-0.027173254922187577,-0.015558463354439785,-0.01634693378970648
60,8,55,minimum__first,-0.031184814315444478,-0.003355593967717141,-0.03071625888114795
60,9,11,minimum__first,-0.004410070254622648,-0.0187422375427559,0.011356584161209564
60,9,22,minimum__first,0.0195884351618588,-0.01079812259801353,0.02681811492657289
60,9,33,minimum__first,-0.004398442983316878,-0.0011991057001675169,-0.0007611072350603838
60,9,44,minimum__first,-0.013127250852994621,-0.013140031136572361,1.7118516067663827e-05
60,9,55,minimum__first,0.02379214970084528,0.0037022304837591945,0.025908701207178333
60,10,11,minimum__first,0.001955928626315047,-0.016035749794294438,0.01909636613369609
60,10,22,minimum__first,-0.009149843753160287,-0.01200790861621499,0.0033424489044894773
60,10,33,minimum__first,0.00752220864718159,0.00673893210478127,-0.0006855642151397963
60,10,44,minimum__first,-0.019940083873613425,-0.011968408129177988,-0.008996443753130735
60,10,55,minimum__first,0.014224988105706871,0.019949524197727442,-0.002195577191499372
60,11,11,minimum__first,-0.0015488731907680631,-0.009438558136268208,0.0063994713438053925
60,11,22,minimum__first,0.002376245738317569,-0.0015899893129244446,0.004919083544518798
60,11,33,minimum__first,-0.0184765998662139,-0.0096795201767236,-0.008579852905434867
60,11,44,minimum__first,0.04894342150073498,0.020627546543255448,0.025656165574522067
60,11,55,minimum__first,-0.022523563203867523,0.008511402003932744,-0.02719158921390772
60,12,11,minimum__first,0.003050896622395764,-0.002109530463349074,0.00555223049595952
60,12,22,minimum__first,-0.01063319103171428,-0.004545038379728794,-0.005747265147510916
60,12,33,minimum__first,0.006456901858715961,0.0047190945246256884,0.0012796243148234983
60,12,44,minimum__first,-0.01568418965131665,0.0028833664837293327,-0.01948185241005073
60,12,55,minimum__first,0.031638670177198944,0.01923327400969962,0.008929874647098284
60,13,11,minimum__first,0.016347582642144212,0.0030275549623183908,0.015435300786824277
60,13,22,minimum__first,-0.0005317245105591913,-0.0013126909383572639,0.0014650870813056826
60,13,33,minimum__first,-0.009344657867526014,-0.004260255602033188,-0.005352864821907133
60,13,44,minimum__first,0.0007186335472700497,0.004620401708719631,-0.004780248086899519
60,13,55,minimum__first,0.00982099783529217,0.006412433763034642,0.0033594938693568112
60,14,11,minimum__first,0.007711381531165292,0.007882245385553687,0.0003193688190852602
60,14,22,minimum__first,-0.007587408848727743,-0.006387140361281732,-0.00224148395160834
60,14,33,minimum__first,0.002404471467404316,0.005206214524029444,-0.002952844905667007
60,14,44,minimum__first,-0.00885237727779895,-0.010608099699796487,0.0014041321196903785
60,14,55,minimum__first,0.007995777189110716,0.011215983936563135,-0.0032175108790397644
60,15,11,minimum__first,0.006475298075626293,0.003070034346698473,0.0033765132927025356
60,15,22,minimum__first,-0.010698480970071008,-0.00873836944034944,-0.0013097726856358348
60,15,33,minimum__first,-0.0007431710876214007,-0.0042080387705937024,0.0036425621481612326
60,15,44,minimum__first,0.006138064397964627,0.0053589862344476085,0.001041905302554369
60,15,55,minimum__first,-0.000999983741591374,0.00035148106593017777,-0.001866185440060993
60,0,11,minimum__last,-0.014438044209964574,0.0092723497771658,-0.023827145291337122
60,0,22,minimum__last,0.05869241787974412,0.04502983407195037,-0.00110276440391317
60,0,33,minimum__last,0.02748441188596189,0.1039351530217876,-0.005209166094815979
60,0,44,minimum__last,-1.6462595361595354,0.013030991722674419,-1.9126887067531546
60,0,55,minimum__last,0.08820737189768503,-0.0034530360950157045,0.09286734018241986
60,1,11,minimum__last,0.10153221449193855,0.009157757398982842,0.030813562540182225
60,1,22,minimum__last,0.5108578486445671,-0.013526559275730203,0.8080791133805179
60,1,33,minimum__last,0.5307914590851094,0.0571913917354929,0.4138806116185151
60,1,44,minimum__last,0.06357325762898351,-0.015570543496869505,0.07131930500424156
60,1,55,minimum__last,0.396890187896012,-0.009484436723869293,0.3888488139025867
60,2,11,minimum__last,-0.15839983923748757,0.026067111800269535,-0.15549339304755752
60,2,22,minimum__last,-0.099186865251977,-0.010579114795352023,-0.06498873471282422
60,2,33,minimum__last,0.022077142132911832,0.022573970110776522,0.01620368709942947
60,2,44,minimum__last,1.0386595823802054,0.047963440472570555,0.9488061307075744
60,2,55,minimum__last,0.213250444305595,0.001919067072837303,0.165374171664007
60,3,11,minimum__last,0.9255199605210994,0.01628279418218881,0.9780568481888622
60,3,22,minimum__last,-0.6211998817472097,-0.008556341065559536,-0.6592176505480893
60,3,33,minimum__last,-0.0927930117584765,-0.05668120599972705,0.005790558259468526
60,3,44,minimum__last,0.15412462698683763,0.027790100410735857,0.0791841792447182
60,3,55,minimum__last,-0.004107994108926505,-0.024117177775284895,0.048307864771535
60,4,11,minimum__last,0.12542381059611216,0.00916408901102841,0.0978632665743741
60,4,22,minimum__last,0.0004673314319613079,0.022814841428771614,0.015872592808833966
60,4,33,minimum__last,0.24703249462569754,0.005806221797441443,0.21779308773887654
60,4,44,minimum__last,0.10305041352597376,0.018368288156731676,0.08387830561259761
60,4,55,minimum__last,0.04627561269638439,-0.008336948634435733,0.052007611747831105
60,5,11,minimum__last,0.1322562513911786,-0.011666239281961073,0.08403389959518487
60,5,22,minimum__last,-0.005367463314905762,0.006730481830891222,-0.02313884925485278
60,5,33,minimum__last,-0.05811165093521898,-0.01684805367840454,-0.044144737157815445
60,5,44,minimum__last,0.08319253974283734,0.09153434905068328,0.003752576105762273
60,5,55,minimum__last,0.07552205903533225,-0.02080569411239897,0.1402520500239916
60,6,11,minimum__last,0.01387134767525519,-0.013106951602579405,0.03828390866595631
60,6,22,minimum__last,-0.035013035459754364,-0.0124744445628797,-0.01786514147728061
60,6,33,minimum__last,0.03969905995375787,0.016460058558732272,0.023395342919199417
60,6,44,minimum__last,0.16069554506490627,-0.008278785971924663,0.1805825465824455
60,6,55,minimum__last,-0.030045769809900473,-0.014516028257397314,-0.025785349728539585
60,7,11,minimum__last,0.016831909391718605,0.015501392004080117,0.004563245608005672
60,7,22,minimum__last,-0.006100517969268064,-0.00307034202463304,0.00037566044678290683
60,7,33,minimum__last,0.026382874161936343,0.012125245532176147,0.008573551600178083
60,7,44,minimum__last,-0.029858919236964234,0.0246917955034102,-0.03559972456811617
60,7,55,minimum__last,-0.0008275174691031377,-0.004986404782781998,0.002692344373402496
60,8,11,minimum__last,-0.028403376143736146,-0.016986370870533087,-0.012490902713034302
60,8,22,minimum__last,-0.0027776926872320473,-0.014063620055094362,0.00901733486680314
60,8,33,minimum__last,0.005394778187231471,-0.0063621610131425164,0.010446998969806979
60,8,44,minimum__last,-0.02663864449132234,-0.015783035755157472,-0.015781620536775638
60,8,55,minimum__last,-0.031560149036037426,-0.0033693173124144473,-0.031047255200489114
60,9,11,minimum__last,-0.012803221552167088,-0.018913472591278454,0.0039615487718644244
60,9,22,minimum__last,0.020233756951832525,-0.010668871963086227,0.027370321032746385
60,9,33,minimum__last,-0.004039815072125445,-0.001372037079030027,-0.00026768991180385154
60,9,44,minimum__last,-0.012760160739223163,-0.012761958215075234,3.92450097327431e-05
60,9,55,minimum__last,0.023208082168518256,0.003661911628053834,0.025406053060820947
60,10,11,minimum__last,-0.0002457298726464311,-0.01696099773204575,0.01767367945285514
60,10,22,minimum__last,-0.009131268807686865,-0.015585296329421301,0.005553883415025969
60,10,33,minimum__last,0.006787998869549483,0.006470053390755007,-0.0010570130543783307
60,10,44,minimum__last,-0.018872213076489668,-0.012305522419046611,-0.0073515956794532634
60,10,55,minimum__last,0.014035113897019376,0.01983427706096942,-0.002216944855172187
60,11,11,minimum__last,-0.0024554022199784714,-0.009342821415824194,0.0055001260247081515
60,11,22,minimum__last,0.003781868792915096,-0.003370027752437939,0.007235940033569932
60,11,33,minimum__last,-0.018500862934160978,-0.010104036280730118,-0.008264122464849304
60,11,44,minimum__last,0.048140300903469324,0.020483377172301212,0.02508963707756872
60,11,55,minimum__last,-0.02256899804342538,0.00845927073387429,-0.027177751378621905
60,12,11,minimum__last,0.0017157709109596909,-0.003097500834458818,0.005148342740722
60,12,22,minimum__last,-0.010117427632212638,-0.005375080955370019,-0.004669975116848945
60,12,33,minimum__last,0.005914948418891678,0.004367689408051471,0.0011235708564830322
60,12,44,minimum__last,-0.01573752723634243,0.0026936893157350522,-0.019373774299553285
60,12,55,minimum__last,0.03162318410662313,0.01915946960604439,0.008976975983629624
60,13,11,minimum__last,0.01576477603909249,0.0023730224308868247,0.015631993619414666
60,13,22,minimum__last,-0.002652796101756394,-0.003803019574843347,0.0016374614089727402
60,13,33,minimum__last,-0.009718440911577393,-0.004641299318366995,-0.005318329638491074
60,13,44,minimum__last,0.0008629416426022847,0.004523012922921528,-0.004525507404468954
60,13,55,minimum__last,0.009743356285616756,0.0064239853255761165,0.0032704253254147867
60,14,11,minimum__last,0.008613260028262933,0.008548471653678764,0.0004812802847785254
60,14,22,minimum__last,-0.009750084381084888,-0.008365912033089748,-0.0023569444621292252
60,14,33,minimum__last,0.0020104358865258593,0.004745060317994406,-0.0029478383910221356
60,14,44,minimum__last,-0.008752541026721398,-0.010379820642992855,0.0013061513658612967
60,14,55,minimum__last,0.007932387517454724,0.011185523398065318,-0.0032474364231651026
60,15,11,minimum__last,0.006990666501224041,0.003628518273277829,0.003214867936912924
60,15,22,minimum__last,-0.01127867578761652,-0.009354429238010198,-0.0013187782101643582
60,15,33,minimum__last,-0.0011201574583537877,-0.004410918297556539,0.003487169179910173
60,15,44,minimum__last,0.0060314696126927934,0.005205770632407318,0.001088521509276082
60,15,55,minimum__last,-0.001097222964745015,0.00031196303510417543,-0.0019151679783438642
60,0,11,minimum__middle,-0.008736913437799861,0.003655819920822978,-0.02266493859157587
60,0,22,minimum__middle,-0.03747775970647733,0.043363508182422565,0.006006361482044061
60,0,33,minimum__middle,0.094038953880469,0.10673847885336726,0.03773152126232162
60,0,44,minimum__middle,-0.9865458255905347,0.012810441319985936,-0.7102158960614664
60,0,55,minimum__middle,0.0862052026980867,-0.0022523198936445017,0.09101763404905797
60,1,11,minimum__middle,-0.6169051839155145,-0.003467963725173225,-0.2450602470858333
60,1,22,minimum__middle,0.5078998912513877,-0.007146663183812052,0.8049225604006399
60,1,33,minimum__middle,0.610429460349648,0.06895398111082614,0.42332032666308805
60,1,44,minimum__middle,0.0275214281398803,-0.01462999094898502,0.06729249582082654
60,1,55,minimum__middle,0.4688884461647831,-0.008602395886555314,0.41664842357082915
60,2,11,minimum__middle,-0.15020022444271794,0.024121028336230664,-0.0013272772659547627
60,2,22,minimum__middle,-0.644763657078147,-0.0038782901014201344,-0.5052477051853203
60,2,33,minimum__middle,0.05054612992874657,0.02912927627718697,0.0016974093159660697
60,2,44,minimum__middle,1.047982308776894,0.04592382698707904,0.9699624525072674
60,2,55,minimum__middle,0.16690959692544613,0.0020179227576591074,0.15034642337122933
60,3,11,minimum__middle,0.7622027053381316,0.010807495928990345,0.826953075818407
60,3,22,minimum__middle,-0.22419939818792045,-0.010788575458961228,-0.09963897444928686
60,3,33,minimum__middle,-1.5638315710510748,-0.04838508453297739,-1.3639681266620756
60,3,44,minimum__middle,0.15843263262649998,0.02782134401689594,0.10917031600062425
60,3,55,minimum__middle,0.009496195544488727,-0.023599187874545655,0.050043267811027664
60,4,11,minimum__middle,0.25770292481174695,0.010661150604331244,0.2537753146685039
60,4,22,minimum__middle,-0.001808249702056249,0.02094989942852408,0.015503803105093538
60,4,33,minimum__middle,0.21042873534994821,0.006058224403144171,0.1843927208489428
60,4,44,minimum__middle,0.10198789605249961,0.01739254823187366,0.08495317987787226
60,4,55,minimum__middle,0.04748619347810745,-0.008002026996109635,0.0530753267230466
60,5,11,minimum__middle,0.15186688995066408,-0.00869470505276695,0.09954975543078035
60,5,22,minimum__middle,-0.008766230770076315,0.008785867881185065,-0.028393915737979114
60,5,33,minimum__middle,-0.053331875052147856,-0.01715099607439091,-0.04149032379112517
60,5,44,minimum__middle,0.07874002748867497,0.09158858730224892,0.000924249334881703
60,5,55,minimum__middle,0.07591395872877911,-0.020647793100215493,0.14049400652293115
60,6,11,minimum__middle,0.008306202218712618,-0.014702190233704945,0.03466843816374118
60,6,22,minimum__middle,-0.034687970935677485,-0.013724902532218645,-0.014988607886092116
60,6,33,minimum__middle,0.04690025575691834,0.015579266170971096,0.02799744193907827
60,6,44,minimum__middle,0.1615079691866413,-0.008204782501949618,0.18127341505605726
60,6,55,minimum__middle,-0.02982630707168331,-0.014364593670082589,-0.025804762685826668
60,7,11,minimum__middle,0.018625680760790905,0.0156746105174534,0.005385156879977634
60,7,22,minimum__middle,-0.0031161219618904092,-0.0027766964902790885,0.0030680602843252323
60,7,33,minimum__middle,0.02655908998567611,0.0134586203416499,0.0077824538651232915
60,7,44,minimum__middle,-0.029580193649356563,0.024469088417633126,-0.035276546558210005
60,7,55,minimum__middle,-0.0006146815915902456,-0.00485341523696358,0.0027632916967074077
60,8,11,minimum__middle,-0.021336793538648636,-0.013276937848422677,-0.007668204613340398
60,8,22,minimum__middle,-0.009534960488478343,-0.013266564288642257,-6.785542936995625e-05
60,8,33,minimum__middle,0.005624860808408508,-0.005241759462902943,0.009940484185547879
60,8,44,minimum__middle,-0.02695549010531977,-0.015634801824732373,-0.01634019344346598
60,8,55,minimum__middle,-0.030885634000878782,-0.003335766967696448,-0.03042459663702175
60,9,11,minimum__middle,-0.016964959050528704,-0.018305573818118624,-0.0024528911880527934
60,9,22,minimum__middle,0.019728133804164827,-0.010901485391271611,0.02705312837691357
60,9,33,minimum__middle,-0.002286327816545963,-0.0011932170833460986,0.001261779514607042
60,9,44,minimum__middle,-0.012381416066394499,-0.012514203294025113,0.00014273634878918527
60,9,55,minimum__middle,0.023597436118870975,0.003750366321764886,0.02564102510223165
60,10,11,minimum__middle,0.0007885319956888755,-0.01918081413411225,0.020554480612433205
60,10,22,minimum__middle,-0.008171624950288484,-0.011896833148784935,0.0038805759938744205
60,10,33,minimum__middle,0.00846776064330091,0.007561343136088302,-0.0005075948894955218
60,10,44,minimum__middle,-0.01930032514889414,-0.012776889667535821,-0.007271860345887641
60,10,55,minimum__middle,0.014248770715979239,0.01995336654751251,-0.002145544346421957
60,11,11,minimum__middle,-0.0010244488172853987,-0.008554947096854448,0.006034904361392061
60,11,22,minimum__middle,0.002009765536058694,-0.0016351292220254739,0.0045765235787257556
60,11,33,minimum__middle,-0.01818283652343477,-0.009726126658885429,-0.008307583005322765
60,11,44,minimum__middle,0.04823534627600263,0.02039631955170383,0.025226782840521385
60,11,55,minimum__middle,-0.022436493278170624,0.0086054183387508,-0.027200530314197145
60,12,11,minimum__middle,-0.0012490403916065893,-0.004346357945663234,0.0036221548488053184
60,12,22,minimum__middle,-0.010324873092273871,-0.004236636974383146,-0.00586995092065384
60,12,33,minimum__middle,0.006945770684008797,0.005089363168614606,0.0014137890927183132
60,12,44,minimum__middle,-0.015590384284344812,0.0029060774366371335,-0.01943026257601256
60,12,55,minimum__middle,0.03181384562049061,0.019327936651340374,0.008974517998285591
60,13,11,minimum__middle,0.016147628100588916,0.0009306625657094021,0.017354689728623876
60,13,22,minimum__middle,-0.00014117580916111667,-0.00111592326235647,0.0016655851698790987
60,13,33,minimum__middle,-0.009145981061737984,-0.004448200389742851,-0.004974664860249807
60,13,44,minimum__middle,0.0007824904751032591,0.004493377551746865,-0.004586613923311234
60,13,55,minimum__middle,0.00987328083332007,0.00644505990591521,0.003378144896123558
60,14,11,minimum__middle,0.010591967396127682,0.00939552066847682,0.0019209076339999835
60,14,22,minimum__middle,-0.007408639617885153,-0.006264713833418986,-0.0021849436297391852
60,14,33,minimum__middle,0.002015730505809188,0.004170287121087313,-0.002461096419331928
60,14,44,minimum__middle,-0.00894336086542656,-0.010495054236768435,0.0012454919167794287
60,14,55,minimum__middle,0.008068770112004131,0.01127936237026006,-0.0032079396575378873
60,15,11,minimum__middle,0.008064085769001394,0.004661772217756758,0.003350875212345272
60,15,22,minimum__middle,-0.010487326370396961,-0.008434696464488904,-0.001362523715943098
60,15,33,minimum__middle,-0.0011788190070850153,-0.004762860228462766,0.0037632257405978936
60,15,44,minimum__middle,0.006003920101405432,0.005045029885756473,0.0011664054123684763
60,15,55,minimum__middle,-0.0009180927299894392,0.00043644770048558714,-0.0018677266392235954
