control,mae,r2,seed,source_layer,target_layer
goal_latent,0.23722966080583563,-0.11453469011351869,11,0,1
current_residual,0.2141483427520764,0.03529897331162812,11,0,1
pooled_residual,0.1771641379122466,0.36169578360470067,11,0,1
moment_random,0.23078877650874605,-0.06598041033310853,11,0,1
shuffled_goal,0.24541911059121277,-0.17708202348849555,11,0,1
goal_latent,0.1451551021387493,0.03456792360019212,11,0,2
current_residual,0.1495916780799158,0.08738324098340045,11,0,2
pooled_residual,0.1318247198917458,0.23995040716463412,11,0,2
moment_random,0.1643511112730159,-0.14178677430774433,11,0,2
shuffled_goal,0.17361671860936675,-0.26573904533590187,11,0,2
goal_latent,0.07622488161620093,-0.0670068684816465,11,0,3
current_residual,0.07690266337828673,-0.03579308234581857,11,0,3
pooled_residual,0.07645494454764064,0.0094182567826675,11,0,3
moment_random,0.08582693248502364,-0.22880814728289334,11,0,3
shuffled_goal,0.08392143824621216,-0.19927474831956138,11,0,3
goal_latent,0.14486409502450948,0.08031594141376175,11,1,2
current_residual,0.12743690154487228,0.2635346686231115,11,1,2
pooled_residual,0.12823496191573627,0.2882573455235098,11,1,2
moment_random,0.15857950152171923,-0.06362355858197488,11,1,2
shuffled_goal,0.1674835282258767,-0.17329165461837448,11,1,2
goal_latent,0.07828347857773148,-0.06792702889312818,11,1,3
current_residual,0.07431599489914996,0.07155893544411085,11,1,3
pooled_residual,0.07513240904782066,0.03338246935675804,11,1,3
moment_random,0.08687209913902567,-0.2790000651479241,11,1,3
shuffled_goal,0.0790228450154278,-0.06499284641842218,11,1,3
goal_latent,0.07031869674253328,0.06911561077227202,11,2,3
current_residual,0.07484031713638857,0.04100980380799091,11,2,3
pooled_residual,0.07208781077122421,0.09947032116656718,11,2,3
moment_random,0.07959005985252221,-0.11364780413024,11,2,3
shuffled_goal,0.08493482748805342,-0.25927157099078,11,2,3
goal_latent,0.17378040452509658,0.17350105777650715,22,0,1
current_residual,0.1856216943315086,0.10831236697321978,22,0,1
pooled_residual,0.17719968401848235,0.19245601191573847,22,0,1
moment_random,0.22549605107036982,-0.21350468773285058,22,0,1
shuffled_goal,0.21103699655745528,-0.08345390428990052,22,0,1
goal_latent,0.2554520605017679,-0.03153735686253967,22,0,2
current_residual,0.22511737640789314,0.10181270165972234,22,0,2
pooled_residual,0.1916940547678613,0.3105180877083311,22,0,2
moment_random,0.26852542745667585,-0.11104587722962234,22,0,2
shuffled_goal,0.27041376862190586,-0.16268786644427102,22,0,2
goal_latent,0.07630133794948937,-0.12995769007730873,22,0,3
current_residual,0.08503432758171296,-0.32620218499320064,22,0,3
pooled_residual,0.08566252836466812,-0.276704910104814,22,0,3
moment_random,0.08074715206930648,-0.20571119374559488,22,0,3
shuffled_goal,0.08311126329221546,-0.25465017152500047,22,0,3
goal_latent,0.23560311366643816,0.08072915803717373,22,1,2
current_residual,0.20329012609126138,0.2430441526208894,22,1,2
pooled_residual,0.18943004015495332,0.3422125580861104,22,1,2
moment_random,0.27871264379178334,-0.2074140842271126,22,1,2
shuffled_goal,0.27112611157539496,-0.14564529962676187,22,1,2
goal_latent,0.07296925249408044,-0.0545500371889327,22,1,3
current_residual,0.09445892117463899,-0.49362582228485863,22,1,3
pooled_residual,0.08906406212939268,-0.3232876579190156,22,1,3
moment_random,0.07756416019935151,-0.11562411272401762,22,1,3
shuffled_goal,0.08154036910116448,-0.19589986058461917,22,1,3
goal_latent,0.07761185352049561,-0.09764776474244186,22,2,3
current_residual,0.09349773402504542,-0.5078087595474206,22,2,3
pooled_residual,0.0895961917393559,-0.3926782566174012,22,2,3
moment_random,0.08369639226026432,-0.24020922566045955,22,2,3
shuffled_goal,0.07922386499744043,-0.05492703253436937,22,2,3
goal_latent,0.21882069989269254,-0.09933814634808824,33,0,1
current_residual,0.17615103667818383,0.18850719963474982,33,0,1
pooled_residual,0.17095619848825797,0.31499157849466486,33,0,1
moment_random,0.22887132176403377,-0.20222538414590896,33,0,1
shuffled_goal,0.22061180122464732,-0.15206563705875276,33,0,1
goal_latent,0.1760422781014132,-0.06298337880345284,33,0,2
current_residual,0.16748971634447898,0.014520889050399943,33,0,2
pooled_residual,0.16048656340927098,0.12995730546150963,33,0,2
moment_random,0.18408623611679759,-0.25691424923940587,33,0,2
shuffled_goal,0.1755669640412308,-0.14131252109337922,33,0,2
goal_latent,0.12968416839578625,0.00859564931154011,33,0,3
current_residual,0.11425891047080243,0.1573886444660878,33,0,3
pooled_residual,0.11563153776003374,0.18741048361920354,33,0,3
moment_random,0.13663388675999735,-0.15296594889664705,33,0,3
shuffled_goal,0.1279204296806397,-0.011500811278100986,33,0,3
goal_latent,0.16140860590233386,0.07157257690711027,33,1,2
current_residual,0.1739034466729544,0.016835683645358035,33,1,2
pooled_residual,0.15222979469294748,0.18469790181334744,33,1,2
moment_random,0.17788758535395408,-0.07956229849847474,33,1,2
shuffled_goal,0.17920588935359963,-0.14998344260087637,33,1,2
goal_latent,0.11357260787172223,0.1674358963842958,33,1,3
current_residual,0.11571038758528232,0.1905461867075422,33,1,3
pooled_residual,0.11189188695308905,0.2275620016846217,33,1,3
moment_random,0.13933882295679398,-0.23215730913022847,33,1,3
shuffled_goal,0.13720099022021184,-0.12731939473556553,33,1,3
goal_latent,0.12028916586061468,0.10353790399548735,33,2,3
current_residual,0.11016002223445483,0.2777713012443158,33,2,3
pooled_residual,0.11306349669514107,0.2393220869384428,33,2,3
moment_random,0.13219400999914618,-0.0744297569985568,33,2,3
shuffled_goal,0.13487273389250248,-0.11013988260503393,33,2,3
goal_latent,0.1693003465481993,-0.0601184185872059,44,0,1
current_residual,0.16701577724182495,0.012035568441616462,44,0,1
pooled_residual,0.1533302268370808,0.17298851946222538,44,0,1
moment_random,0.18299872667692885,-0.18322665244488978,44,0,1
shuffled_goal,0.18461169847004955,-0.156182108851886,44,0,1
goal_latent,0.13648974678548134,-0.21936431550065572,44,0,2
current_residual,0.1219346934798227,-0.08086280078130814,44,0,2
pooled_residual,0.12388696183860722,-0.003084156457384024,44,0,2
moment_random,0.13650497849488763,-0.22269823588631676,44,0,2
shuffled_goal,0.1390013801082138,-0.3537736526220203,44,0,2
goal_latent,0.19171558977753755,-0.11080721491044376,44,0,3
current_residual,0.17855161880700554,0.036033213808049136,44,0,3
pooled_residual,0.1559488237153505,0.27180003526254304,44,0,3
moment_random,0.1968516332159792,-0.14927695699328392,44,0,3
shuffled_goal,0.18838150369977483,-0.08451247394544636,44,0,3
goal_latent,0.12065384575964502,0.010549980484536925,44,1,2
current_residual,0.1273773812851832,-0.10677568853920616,44,1,2
pooled_residual,0.12465466286111836,-0.0016534575270399365,44,1,2
moment_random,0.13586724958933738,-0.14342236622085247,44,1,2
shuffled_goal,0.13953426881205402,-0.28739092625086293,44,1,2
goal_latent,0.18150516118828075,0.03798032711101029,44,1,3
current_residual,0.1732509906596255,0.0615956097005117,44,1,3
pooled_residual,0.15449056500201433,0.2657588251048413,44,1,3
moment_random,0.19559061187805343,-0.15579016427578596,44,1,3
shuffled_goal,0.19710255678392974,-0.17074896147781482,44,1,3
goal_latent,0.1643912581340065,0.20199425915854985,44,2,3
current_residual,0.1592408972191816,0.1836183117649821,44,2,3
pooled_residual,0.14986339332113321,0.28794638890974067,44,2,3
moment_random,0.19391762073125962,-0.1331335794235231,44,2,3
shuffled_goal,0.19490648113280207,-0.12084506312159426,44,2,3
goal_latent,0.1690686146828676,0.023157632848427534,55,0,1
current_residual,0.1726846342727698,0.041504711874832734,55,0,1
pooled_residual,0.151082692020093,0.2793471647499146,55,0,1
moment_random,0.20705989649732326,-0.3341852257574389,55,0,1
shuffled_goal,0.18120709590211403,-0.1604866522570969,55,0,1
goal_latent,0.17249125676475502,-0.11618540726294047,55,0,2
current_residual,0.1574794246732507,-0.07222781386853128,55,0,2
pooled_residual,0.14285368346677219,0.18586759794484398,55,0,2
moment_random,0.1652328720461695,-0.026330617165253978,55,0,2
shuffled_goal,0.1698323277704267,-0.058599552802691024,55,0,2
goal_latent,0.1399752291993683,0.04968693654880918,55,0,3
current_residual,0.12299702065924766,0.2402527604148189,55,0,3
pooled_residual,0.10874677234168363,0.3657811136673905,55,0,3
moment_random,0.15555555226636217,-0.19156877543809347,55,0,3
shuffled_goal,0.15089296581429346,-0.07070160842522633,55,0,3
goal_latent,0.17129145727473624,-0.06143695689487827,55,1,2
current_residual,0.1864630048858359,-0.4991340681082772,55,1,2
pooled_residual,0.14012221947964176,0.19377479091361804,55,1,2
moment_random,0.172882694953355,-0.1577390811008723,55,1,2
shuffled_goal,0.17273616172168793,-0.16533794417273873,55,1,2
goal_latent,0.14339295623768172,-0.013420932593535273,55,1,3
current_residual,0.1197916453898879,0.31013471296836737,55,1,3
pooled_residual,0.11326242001640277,0.3540587441027627,55,1,3
moment_random,0.1549987738297737,-0.14860242610761265,55,1,3
shuffled_goal,0.1509024628893366,-0.08335470563158043,55,1,3
goal_latent,0.12794456936823895,0.14365501384473056,55,2,3
current_residual,0.11007812565539545,0.3808949564554426,55,2,3
pooled_residual,0.11292565023672209,0.36000129951788296,55,2,3
moment_random,0.15731088848665564,-0.18366292265817674,55,2,3
shuffled_goal,0.1563567452669227,-0.13982253440150805,55,2,3
